record_id,name,field,phrases,before,after,public_url
ecaaa21f-6402-480b-94a6-f54aeb71b095,אי-קו סלון - Ei-Co Salon,address,תל אביב–יפו x1,"ירמיהו 3, תל אביב–יפו","ירמיהו 3, תל אביב-יפו",https://beautyfind.co.il/dan/biz/ei-co-salon
39725c0f-27d3-43e2-b215-b440c24530bc,איילת גייר השתלות שיער בישראל וטיפולים מתקדמים,address,תל אביב–יפו x1,"הברזל 24 א, קומה 4, תל אביב–יפו","הברזל 24 א, קומה 4, תל אביב-יפו",https://beautyfind.co.il/dan/biz/איילת-גייר-השתלות-שיער-בישראל-וטיפולים-מתקדמים
23aa6881-bebf-4804-982d-727428129ef1,TALETSKY ROOM TLV,address,תל אביב–יפו x1,"דרך מנחם בגין 158, תל אביב–יפו","דרך מנחם בגין 158, תל אביב-יפו",https://beautyfind.co.il/dan/biz/taletsky-room-tlv
b8d35e6b-4975-4351-8cdc-efb35b189595,אמריקן לייזר- תל אביב,address,תל אביב–יפו x1,"דיזנגוף 50, תל אביב–יפו","דיזנגוף 50, תל אביב-יפו",https://beautyfind.co.il/dan/biz/אמריקן-לייזר-תל-אביב
b8d35e6b-4975-4351-8cdc-efb35b189595,אמריקן לייזר- תל אביב,gallery,תל אביב–יפו x6,"[{""alt"":""אמריקן לייזר- תל אביב, תל אביב–יפו, תמונה 2"",""url"":""/media/1e341339-61db-4939-880e-f601cd5b0b45""},{""alt"":""אמריקן לייזר- תל אביב, תל אביב–יפו, תמונה 3"",""url"":""/media/45c300f3-e3f0-4d2a-9b29-b21619a262c2""},{""alt"":""אמריקן לייזר- תל אביב, תל אביב–יפו, תמונה 4"",""url"":""/media/80775c7f-5ee7-4c3d-afcc-80dd840c8285""},{""alt"":""אמריקן לייזר- תל אביב, תל אביב–יפו, תמונה 5"",""url"":""/media/fff169fd-2f46-4fe0-bbc0-74de84f32c70""},{""alt"":""אמריקן לייזר- תל אביב, תל אביב–יפו, תמונה 6"",""url"":""/media/5439ca4c-972e-4dab-afef-70ba216cd2a0""},{""alt"":""אמריקן לייזר- תל אביב, תל אביב–יפו, תמונה 7"",""url"":""/media/1aad067c-d3f9-4e07-b940-62ab2424250e""}]","[{""alt"":""אמריקן לייזר- תל אביב, תל אביב-יפו, תמונה 2"",""url"":""/media/1e341339-61db-4939-880e-f601cd5b0b45""},{""alt"":""אמריקן לייזר- תל אביב, תל אביב-יפו, תמונה 3"",""url"":""/media/45c300f3-e3f0-4d2a-9b29-b21619a262c2""},{""alt"":""אמריקן לייזר- תל אביב, תל אביב-יפו, תמונה 4"",""url"":""/media/80775c7f-5ee7-4c3d-afcc-80dd840c8285""},{""alt"":""אמריקן לייזר- תל אביב, תל אביב-יפו, תמונה 5"",""url"":""/media/fff169fd-2f46-4fe0-bbc0-74de84f32c70""},{""alt"":""אמריקן לייזר- תל אביב, תל אביב-יפו, תמונה 6"",""url"":""/media/5439ca4c-972e-4dab-afef-70ba216cd2a0""},{""alt"":""אמריקן לייזר- תל אביב, תל אביב-יפו, תמונה 7"",""url"":""/media/1aad067c-d3f9-4e07-b940-62ab2424250e""}]",https://beautyfind.co.il/dan/biz/אמריקן-לייזר-תל-אביב
e6d2762c-590a-4790-a561-f10f3a3fce4f,KEDEM SPA HOUSE קדם ספא וחמאם ביפו Spa in Jaffa,address,תל אביב–יפו x1,"כיכר קדומים 5, תל אביב–יפו","כיכר קדומים 5, תל אביב-יפו",https://beautyfind.co.il/dan/biz/kedem-spa-house-spa-in-jaffa
e6d2762c-590a-4790-a561-f10f3a3fce4f,KEDEM SPA HOUSE קדם ספא וחמאם ביפו Spa in Jaffa,gallery,תל אביב–יפו x7,"[{""alt"":""KEDEM SPA HOUSE קדם ספא וחמאם ביפו Spa in Jaffa, תל אביב–יפו, תמונה 2"",""url"":""/media/33c02d1e-8b32-47ac-8216-c3274f8731bd""},{""alt"":""KEDEM SPA HOUSE קדם ספא וחמאם ביפו Spa in Jaffa, תל אביב–יפו, תמונה 3"",""url"":""/media/36992481-afbf-470c-b6ef-71a8866f3faf""},{""alt"":""KEDEM SPA HOUSE קדם ספא וחמאם ביפו Spa in Jaffa, תל אביב–יפו, תמונה 4"",""url"":""/media/52840f91-bf19-4710-8243-aa867e45861d""},{""alt"":""KEDEM SPA HOUSE קדם ספא וחמאם ביפו Spa in Jaffa, תל אביב–יפו, תמונה 5"",""url"":""/media/a395e648-498d-43b0-9671-4928da04c200""},{""alt"":""KEDEM SPA HOUSE קדם ספא וחמאם ביפו Spa in Jaffa, תל אביב–יפו, תמונה 6"",""url"":""/media/fd61c142-cbda-46bd-a036-d75a3e466454""},{""alt"":""KEDEM SPA HOUSE קדם ספא וחמאם ביפו Spa in Jaffa, תל אביב–יפו, תמונה 7"",""url"":""/media/86f41f08-b57d-4816-b7dc-8a19c9b6444b""},{""alt"":""KEDEM SPA HOUSE קדם ספא וחמאם ביפו Spa in Jaffa, תל אביב–יפו, תמונה 8"",""url"":""/media/8b5730af-f028-4cb0-b0dc-807b1e2eb698""}]","[{""alt"":""KEDEM SPA HOUSE קדם ספא וחמאם ביפו Spa in Jaffa, תל אביב-יפו, תמונה 2"",""url"":""/media/33c02d1e-8b32-47ac-8216-c3274f8731bd""},{""alt"":""KEDEM SPA HOUSE קדם ספא וחמאם ביפו Spa in Jaffa, תל אביב-יפו, תמונה 3"",""url"":""/media/36992481-afbf-470c-b6ef-71a8866f3faf""},{""alt"":""KEDEM SPA HOUSE קדם ספא וחמאם ביפו Spa in Jaffa, תל אביב-יפו, תמונה 4"",""url"":""/media/52840f91-bf19-4710-8243-aa867e45861d""},{""alt"":""KEDEM SPA HOUSE קדם ספא וחמאם ביפו Spa in Jaffa, תל אביב-יפו, תמונה 5"",""url"":""/media/a395e648-498d-43b0-9671-4928da04c200""},{""alt"":""KEDEM SPA HOUSE קדם ספא וחמאם ביפו Spa in Jaffa, תל אביב-יפו, תמונה 6"",""url"":""/media/fd61c142-cbda-46bd-a036-d75a3e466454""},{""alt"":""KEDEM SPA HOUSE קדם ספא וחמאם ביפו Spa in Jaffa, תל אביב-יפו, תמונה 7"",""url"":""/media/86f41f08-b57d-4816-b7dc-8a19c9b6444b""},{""alt"":""KEDEM SPA HOUSE קדם ספא וחמאם ביפו Spa in Jaffa, תל אביב-יפו, תמונה 8"",""url"":""/media/8b5730af-f028-4cb0-b0dc-807b1e2eb698""}]",https://beautyfind.co.il/dan/biz/kedem-spa-house-spa-in-jaffa
e29365c5-d113-429a-9a6f-a7469293eb5d,"מספרה Barak Shoshan Hair Design-Keratin,Japanese Treatment",address,תל אביב–יפו x1,"פרישמן 32, תל אביב–יפו","פרישמן 32, תל אביב-יפו",https://beautyfind.co.il/dan/biz/barak-shoshan-hair-design-keratin-japanese-treatment
fbb4d1ed-8c4f-4d5e-a866-a86104204fa4,couture hair barbershop NYC New York,address,תל אביב–יפו x1,"יהודה המכבי 87, תל אביב–יפו","יהודה המכבי 87, תל אביב-יפו",https://beautyfind.co.il/dan/biz/couture-hair-barbershop-nyc-new-york
fbb4d1ed-8c4f-4d5e-a866-a86104204fa4,couture hair barbershop NYC New York,gallery,תל אביב–יפו x7,"[{""alt"":""couture hair barbershop NYC New York, תל אביב–יפו, תמונה 2"",""url"":""/media/573d0461-09e2-44d7-99ec-b9479d61b970""},{""alt"":""couture hair barbershop NYC New York, תל אביב–יפו, תמונה 3"",""url"":""/media/e5690b58-6706-4ccf-9193-27f9c1d98089""},{""alt"":""couture hair barbershop NYC New York, תל אביב–יפו, תמונה 4"",""url"":""/media/5804ccb8-576d-42e2-89a0-3ed5f5319b38""},{""alt"":""couture hair barbershop NYC New York, תל אביב–יפו, תמונה 5"",""url"":""/media/d095ed4d-0df4-4d72-8208-4ad56a3a55fd""},{""alt"":""couture hair barbershop NYC New York, תל אביב–יפו, תמונה 6"",""url"":""/media/45f58693-99fa-4b29-b090-29fd402756a4""},{""alt"":""couture hair barbershop NYC New York, תל אביב–יפו, תמונה 7"",""url"":""/media/db18510f-78eb-406a-8f6e-21a2ab3f6648""},{""alt"":""couture hair barbershop NYC New York, תל אביב–יפו, תמונה 8"",""url"":""/media/5ca8c52a-20e9-476f-abc4-02ba53ffb8fd""}]","[{""alt"":""couture hair barbershop NYC New York, תל אביב-יפו, תמונה 2"",""url"":""/media/573d0461-09e2-44d7-99ec-b9479d61b970""},{""alt"":""couture hair barbershop NYC New York, תל אביב-יפו, תמונה 3"",""url"":""/media/e5690b58-6706-4ccf-9193-27f9c1d98089""},{""alt"":""couture hair barbershop NYC New York, תל אביב-יפו, תמונה 4"",""url"":""/media/5804ccb8-576d-42e2-89a0-3ed5f5319b38""},{""alt"":""couture hair barbershop NYC New York, תל אביב-יפו, תמונה 5"",""url"":""/media/d095ed4d-0df4-4d72-8208-4ad56a3a55fd""},{""alt"":""couture hair barbershop NYC New York, תל אביב-יפו, תמונה 6"",""url"":""/media/45f58693-99fa-4b29-b090-29fd402756a4""},{""alt"":""couture hair barbershop NYC New York, תל אביב-יפו, תמונה 7"",""url"":""/media/db18510f-78eb-406a-8f6e-21a2ab3f6648""},{""alt"":""couture hair barbershop NYC New York, תל אביב-יפו, תמונה 8"",""url"":""/media/5ca8c52a-20e9-476f-abc4-02ba53ffb8fd""}]",https://beautyfind.co.il/dan/biz/couture-hair-barbershop-nyc-new-york
92d8659d-5d9f-459d-8221-c67756d5e310,ורה קליניק,address,תל אביב–יפו x1,"שדרות ירושלים 66, תל אביב–יפו","שדרות ירושלים 66, תל אביב-יפו",https://beautyfind.co.il/dan/biz/ורה-קליניק
a0f49337-6233-424f-a268-5c0450c7f411,Dr. Tali Friedman - International Center for Body Shaping,address,תל אביב–יפו x1,"ברודצקי 43, תל אביב–יפו","ברודצקי 43, תל אביב-יפו",https://beautyfind.co.il/dan/biz/dr-tali-friedman-international-center-for-body-shaping
9c5b8ef0-27c9-4930-a164-4f47352d6053,Shosh Medical Pedicure,address,תל אביב–יפו x1,"הקליר 15, תל אביב–יפו","הקליר 15, תל אביב-יפו",https://beautyfind.co.il/dan/biz/shosh-medical-pedicure
142e0ef4-d3fe-47ab-803c-a44e2e6e6825,Éclat beauty space,address,תל אביב–יפו x1,"פרישמן 18, תל אביב–יפו","פרישמן 18, תל אביב-יפו",https://beautyfind.co.il/dan/biz/eclat-beauty-space
45e6545d-12da-4e23-a764-0ea9214e6744,"ד""ר אהרן עמיר -מומחה בינלאומי לכירורגיה פלסטית, אסתטית ומשחזרת",address,תל אביב–יפו x1,"מנחם בגין 150 בניין, תל אביב–יפו","מנחם בגין 150 בניין, תל אביב-יפו",https://beautyfind.co.il/dan/biz/דר-אהרן-עמיר-מומחה-בינלאומי-לכירורגיה-פלסטית-אסתטית-ומשחזרת
b88742b2-8f26-47aa-8d62-b36a6d1967e5,"ד""ר כריס השתלת שיער CHOIEXPERT",address,תל אביב–יפו x1,"הברזל 11, תל אביב–יפו","הברזל 11, תל אביב-יפו",https://beautyfind.co.il/dan/biz/choiexpert
fbd81ef3-7e3f-4513-ab19-a496a68e22fe,"ד""ר נמרוד פרידמן- ניתוחים פלסטיים וטיפולים אסתטיים",address,תל אביב–יפו x1,"הברזל 32, תל אביב–יפו","הברזל 32, תל אביב-יפו",https://beautyfind.co.il/dan/biz/דר-נמרוד-פרידמן-ניתוחים-פלסטיים-וטיפולים-אסתטיים
84b983eb-e26b-4cee-ac49-3db5cf30cf13,"ד""ר רון יהב - מרפאת אמייזינג סמייל, מרפאת שיניים בתל אביב",address,תל אביב–יפו x1,"משה שרת 66, תל אביב–יפו","משה שרת 66, תל אביב-יפו",https://beautyfind.co.il/dan/biz/דר-רון-יהב-מרפאת-אמייזינג-סמייל-מרפאת-שיניים-בתל-אביב
2d77cda8-c9e8-4e41-b039-51c7d0edc141,אריאל מספרה נווה אביבים רמת אביב,address,תל אביב–יפו x1,"רבינדרנת טאגור 55, תל אביב–יפו","רבינדרנת טאגור 55, תל אביב-יפו",https://beautyfind.co.il/dan/biz/אריאל-מספרה-נווה-אביבים-רמת-אביב
2d77cda8-c9e8-4e41-b039-51c7d0edc141,אריאל מספרה נווה אביבים רמת אביב,gallery,תל אביב–יפו x7,"[{""alt"":""אריאל מספרה נווה אביבים רמת אביב, תל אביב–יפו, תמונה 2"",""url"":""/media/e1f3d59e-6c7e-465c-90cf-9d8fea9f52ea""},{""alt"":""אריאל מספרה נווה אביבים רמת אביב, תל אביב–יפו, תמונה 3"",""url"":""/media/189d8489-b13a-43fb-a4a3-676892babd0a""},{""alt"":""אריאל מספרה נווה אביבים רמת אביב, תל אביב–יפו, תמונה 4"",""url"":""/media/0f8810dd-7942-46b4-b76f-f3f35004b873""},{""alt"":""אריאל מספרה נווה אביבים רמת אביב, תל אביב–יפו, תמונה 5"",""url"":""/media/ea15087e-3525-40f5-90cc-a87b6df6775f""},{""alt"":""אריאל מספרה נווה אביבים רמת אביב, תל אביב–יפו, תמונה 6"",""url"":""/media/3c484aea-8e4d-498d-8aa2-b5aa016b309b""},{""alt"":""אריאל מספרה נווה אביבים רמת אביב, תל אביב–יפו, תמונה 7"",""url"":""/media/3d4d2291-4e8b-4269-917f-51f914aad03b""},{""alt"":""אריאל מספרה נווה אביבים רמת אביב, תל אביב–יפו, תמונה 8"",""url"":""/media/eabdb863-3f98-4a23-82b7-f88659396897""}]","[{""alt"":""אריאל מספרה נווה אביבים רמת אביב, תל אביב-יפו, תמונה 2"",""url"":""/media/e1f3d59e-6c7e-465c-90cf-9d8fea9f52ea""},{""alt"":""אריאל מספרה נווה אביבים רמת אביב, תל אביב-יפו, תמונה 3"",""url"":""/media/189d8489-b13a-43fb-a4a3-676892babd0a""},{""alt"":""אריאל מספרה נווה אביבים רמת אביב, תל אביב-יפו, תמונה 4"",""url"":""/media/0f8810dd-7942-46b4-b76f-f3f35004b873""},{""alt"":""אריאל מספרה נווה אביבים רמת אביב, תל אביב-יפו, תמונה 5"",""url"":""/media/ea15087e-3525-40f5-90cc-a87b6df6775f""},{""alt"":""אריאל מספרה נווה אביבים רמת אביב, תל אביב-יפו, תמונה 6"",""url"":""/media/3c484aea-8e4d-498d-8aa2-b5aa016b309b""},{""alt"":""אריאל מספרה נווה אביבים רמת אביב, תל אביב-יפו, תמונה 7"",""url"":""/media/3d4d2291-4e8b-4269-917f-51f914aad03b""},{""alt"":""אריאל מספרה נווה אביבים רמת אביב, תל אביב-יפו, תמונה 8"",""url"":""/media/eabdb863-3f98-4a23-82b7-f88659396897""}]",https://beautyfind.co.il/dan/biz/אריאל-מספרה-נווה-אביבים-רמת-אביב
ce18701c-19d9-4b43-a72c-ec1d5a9b3002,"ד""ר תומר פרלוק",address,תל אביב–יפו x1,"ארזי 18, תל אביב–יפו","ארזי 18, תל אביב-יפו",https://beautyfind.co.il/dan/biz/דר-תומר-פרלוק
7cdcfeb1-e294-4fd3-8c35-6af5e10b5669,"ד""ר אורי שבשין- מנתח פלסטי",address,תל אביב–יפו x1,"הברזל 28, תל אביב–יפו","הברזל 28, תל אביב-יפו",https://beautyfind.co.il/dan/biz/דר-אורי-שבשין-מנתח-פלסטי
cb305c0b-e3b0-4d57-84c6-557f5f3efce0,דוקטור אברי רווה - מנתח פלסטי בכיר I כירורג פלסטי,address,תל אביב–יפו x1,"תש״ח 2 קומה 5, תל אביב–יפו","תש״ח 2 קומה 5, תל אביב-יפו",https://beautyfind.co.il/dan/biz/דוקטור-אברי-רווה-מנתח-פלסטי-בכיר-i-כירורג-פלסטי
92c6dd2a-714d-4328-8de6-46744895b9b9,"ד""ר זיידמן אלון יישור שיניים נסתר",address,תל אביב–יפו x1,"ויצמן‬ 14, תל אביב–יפו","ויצמן‬ 14, תל אביב-יפו",https://beautyfind.co.il/dan/biz/דר-זיידמן-אלון-יישור-שיניים-נסתר
c2b50e3b-4b6e-4596-891f-0a0128237b55,כללית אסתטיקה - רמת אביב - תל אביב,address,תל אביב–יפו x1,"ברזיל 15, קומה 1, תל אביב–יפו","ברזיל 15, קומה 1, תל אביב-יפו",https://beautyfind.co.il/dan/biz/כללית-אסתטיקה-רמת-אביב-תל-אביב
6ce6a534-9359-40f3-bfb6-8d631d3724ea,Absolute Esthetics by Andrea,address,תל אביב–יפו x1,"המלך חירם 8, תל אביב–יפו","המלך חירם 8, תל אביב-יפו",https://beautyfind.co.il/dan/biz/absolute-esthetics-by-andrea
86dcf669-765a-4931-8ad5-ae4a67f86c38,ביוטי פייס מכון הסרת שיער,address,תל אביב–יפו x1,"יהודה מרגוזה 9, תל אביב–יפו","יהודה מרגוזה 9, תל אביב-יפו",https://beautyfind.co.il/dan/biz/ביוטי-פייס-מכון-הסרת-שיער
89213fc9-41cb-45ef-8025-37c7f5d2506a,"ד""ר אידלמן יצחק רופא שיניים",address,תל אביב–יפו x1,"שפרינצק 3, תל אביב–יפו","שפרינצק 3, תל אביב-יפו",https://beautyfind.co.il/dan/biz/דר-אידלמן-יצחק-רופא-שיניים
e54fa942-5742-4408-8cad-cc2019be3403,"מרפאת השיניים והאסטתיקה של ד""ר צבי אבירם",address,תל אביב–יפו x1,"צייטלין 1, תל אביב–יפו","צייטלין 1, תל אביב-יפו",https://beautyfind.co.il/dan/biz/מרפאת-השיניים-והאסטתיקה-דר-צבי-אבירם
53c9fbe6-c038-45f0-a742-9c4aa40f82f6,"ד""ר אור פרידמן מומחה לכירורגיה פלסטית משחזרת ואסתטית",address,תל אביב–יפו x1,"שדרות שאול המלך 39, תל אביב–יפו","שדרות שאול המלך 39, תל אביב-יפו",https://beautyfind.co.il/dan/biz/דר-אור-פרידמן-מומחה-לכירורגיה-פלסטית-משחזרת-ואסתטית
31cd10f7-8728-4caf-b8d5-a52fafdfb6bf,רעות ששון – עיצוב גבות ואיפור קבוע בצפון תל אביב,address,תל אביב–יפו x1,"רפידים 83, תל אביב–יפו","רפידים 83, תל אביב-יפו",https://beautyfind.co.il/dan/biz/רעות-ששון-עיצוב-גבות-ואיפור-קבוע-בצפון-תל-אביב
733686c9-c4e1-4e6c-84a5-0ad0c95652f7,"ד""ר דנה בוכבוט - רפואת שיער ורפואה אסתטית",address,תל אביב–יפו x1,"הברזל 11, תל אביב–יפו","הברזל 11, תל אביב-יפו",https://beautyfind.co.il/dan/biz/דר-דנה-בוכבוט-רפואת-שיער-ורפואה-אסתטית
459b4ea6-3f45-44f9-940a-ba6cef88b204,"ד""ר יאיר יוסף",address,תל אביב–יפו x1,"דרך מנחם בגין 156, תל אביב–יפו","דרך מנחם בגין 156, תל אביב-יפו",https://beautyfind.co.il/dan/biz/דר-יאיר-יוסף
26523da2-0961-4a0e-99f4-fc9a05babf96,"ד""ר יונתן ווגמן",address,תל אביב–יפו x1,"קהילת סלוניקי 13, קומה 2, תל אביב–יפו","קהילת סלוניקי 13, קומה 2, תל אביב-יפו",https://beautyfind.co.il/dan/biz/דר-יונתן-ווגמן
a6205955-18a0-4099-8f66-79ef26092e33,"ד""ר אלון לירן - מנתח פלסטי בכיר | מומחה בכירורגיה פלסטית, אסתטית ומשחזרת",address,תל אביב–יפו x1,"הנחושת 3, כניסה, קומה 3, תל אביב–יפו","הנחושת 3, כניסה, קומה 3, תל אביב-יפו",https://beautyfind.co.il/dan/biz/דר-אלון-לירן-מנתח-פלסטי-בכיר-מומחה-בכירורגיה-פלסטית-אסתטית-ו
cfedd499-1a35-4c61-a48a-61925886df64,דיאנה - בית הספר לעיצוב שיער ומקצועות היופי,address,תל אביב–יפו x1,"דיזנגוף 190, תל אביב–יפו","דיזנגוף 190, תל אביב-יפו",https://beautyfind.co.il/dan/biz/דיאנה-הספר-לעיצוב-שיער-ומקצועות-היופי
e2015e53-cb22-4eba-b819-7efea95d1963,מרכז כירורגי שוורץ - ארד,address,תל אביב–יפו x1,"הברזל 15, תל אביב–יפו","הברזל 15, תל אביב-יפו",https://beautyfind.co.il/dan/biz/מרכז-כירורגי-שוורץ-ארד
e7d42b0b-f6c3-4a29-a665-1be7b87c0432,דיוויס ואודי סלון ובית ספר לספרות,address,תל אביב–יפו x1,"דיזנגוף 255, תל אביב–יפו","דיזנגוף 255, תל אביב-יפו",https://beautyfind.co.il/dan/biz/דיוויס-ואודי-סלון-ובית-ספר-לספרות
b542c385-aad1-4b5d-94af-e485109d570f,דוקטור אילקר - מומחה עולמי להשתלות שיער,address,תל אביב–יפו x1,"יגאל אלון 94, תל אביב–יפו","יגאל אלון 94, תל אביב-יפו",https://beautyfind.co.il/dan/biz/דוקטור-אילקר-מומחה-עולמי-להשתלות-שיער
08e9db34-039c-4a8b-b288-e390cbb38da2,"מרפאת ד""ר ליבי כרמי, תל אביב",address,תל אביב–יפו x1,"רודנסקי 5, מרכז מיניקן, תל אביב–יפו","רודנסקי 5, מרכז מיניקן, תל אביב-יפו",https://beautyfind.co.il/dan/biz/מרפאת-דר-ליבי-כרמי-תל-אביב
22574d12-60c6-4a7d-8a02-e1f7da2b9c36,קליניקה כרמל - טיפול בפטרת ציפורניים בתל אביב,address,תל אביב–יפו x1,"המסגר 20, תל אביב–יפו","המסגר 20, תל אביב-יפו",https://beautyfind.co.il/dan/biz/קליניקה-כרמל-טיפול-בפטרת-ציפורניים-בתל-אביב
22574d12-60c6-4a7d-8a02-e1f7da2b9c36,קליניקה כרמל - טיפול בפטרת ציפורניים בתל אביב,gallery,תל אביב–יפו x7,"[{""alt"":""קליניקה כרמל - טיפול בפטרת ציפורניים בתל אביב, תל אביב–יפו, תמונה 2"",""url"":""/media/54963b42-d9b6-41e1-bf9f-b0dcbaf067f7""},{""alt"":""קליניקה כרמל - טיפול בפטרת ציפורניים בתל אביב, תל אביב–יפו, תמונה 3"",""url"":""/media/80c256ff-b087-49c1-9aa0-ad437933cf07""},{""alt"":""קליניקה כרמל - טיפול בפטרת ציפורניים בתל אביב, תל אביב–יפו, תמונה 4"",""url"":""/media/25e7c4ee-0d6a-4d8f-bc43-d09ab56a7e55""},{""alt"":""קליניקה כרמל - טיפול בפטרת ציפורניים בתל אביב, תל אביב–יפו, תמונה 5"",""url"":""/media/85e8a3ef-733c-464d-bdbf-22e786c4a76d""},{""alt"":""קליניקה כרמל - טיפול בפטרת ציפורניים בתל אביב, תל אביב–יפו, תמונה 6"",""url"":""/media/634d341e-4233-42d0-9801-939d5f762cda""},{""alt"":""קליניקה כרמל - טיפול בפטרת ציפורניים בתל אביב, תל אביב–יפו, תמונה 7"",""url"":""/media/9bb7239a-6612-4c59-8c80-cb10bdfd5cec""},{""alt"":""קליניקה כרמל - טיפול בפטרת ציפורניים בתל אביב, תל אביב–יפו, תמונה 8"",""url"":""/media/2f867629-972b-4ce3-ab79-d62ef87d1dc7""}]","[{""alt"":""קליניקה כרמל - טיפול בפטרת ציפורניים בתל אביב, תל אביב-יפו, תמונה 2"",""url"":""/media/54963b42-d9b6-41e1-bf9f-b0dcbaf067f7""},{""alt"":""קליניקה כרמל - טיפול בפטרת ציפורניים בתל אביב, תל אביב-יפו, תמונה 3"",""url"":""/media/80c256ff-b087-49c1-9aa0-ad437933cf07""},{""alt"":""קליניקה כרמל - טיפול בפטרת ציפורניים בתל אביב, תל אביב-יפו, תמונה 4"",""url"":""/media/25e7c4ee-0d6a-4d8f-bc43-d09ab56a7e55""},{""alt"":""קליניקה כרמל - טיפול בפטרת ציפורניים בתל אביב, תל אביב-יפו, תמונה 5"",""url"":""/media/85e8a3ef-733c-464d-bdbf-22e786c4a76d""},{""alt"":""קליניקה כרמל - טיפול בפטרת ציפורניים בתל אביב, תל אביב-יפו, תמונה 6"",""url"":""/media/634d341e-4233-42d0-9801-939d5f762cda""},{""alt"":""קליניקה כרמל - טיפול בפטרת ציפורניים בתל אביב, תל אביב-יפו, תמונה 7"",""url"":""/media/9bb7239a-6612-4c59-8c80-cb10bdfd5cec""},{""alt"":""קליניקה כרמל - טיפול בפטרת ציפורניים בתל אביב, תל אביב-יפו, תמונה 8"",""url"":""/media/2f867629-972b-4ce3-ab79-d62ef87d1dc7""}]",https://beautyfind.co.il/dan/biz/קליניקה-כרמל-טיפול-בפטרת-ציפורניים-בתל-אביב
b0c1e25d-797e-4146-b2c2-175f5d144556,דיתי מסר | מאפרת,address,תל אביב–יפו x1,"שתולים 61, תל אביב–יפו","שתולים 61, תל אביב-יפו",https://beautyfind.co.il/dan/biz/דיתי-מסר-מאפרת
7ebda09d-9c17-40d7-8f6e-aa8337cc0d6a,קראוס קליניק - Krauss Clinic - ד״ר עומרי קראוס,address,תל אביב–יפו x1,"שדרות שאול המלך 41, תל אביב–יפו","שדרות שאול המלך 41, תל אביב-יפו",https://beautyfind.co.il/dan/biz/krauss-clinic
f891816e-6a01-419a-8508-f6bfad688354,קרולין אופק,address,תל אביב–יפו x1,"הרטגלס 10, תל אביב–יפו","הרטגלס 10, תל אביב-יפו",https://beautyfind.co.il/dan/biz/קרולין-אופק
4a91d675-61e9-48c8-94c9-f663c0ad9ff8,יוסי ממן,address,תל אביב–יפו x1,"בן יהודה 234, תל אביב–יפו","בן יהודה 234, תל אביב-יפו",https://beautyfind.co.il/dan/biz/יוסי-ממן
cfd78421-587a-4765-9296-85be71ff69d3,ד״ר איתם וייס - מומחה לכירורגיה פלסטית ואסתטית,address,תל אביב–יפו x1,"ויצמן‬ 14, תל אביב–יפו","ויצמן‬ 14, תל אביב-יפו",https://beautyfind.co.il/dan/biz/דר-איתם-וייס-מומחה-לכירורגיה-פלסטית-ואסתטית
aa34b022-a476-4b3c-a121-43d9a8a0ab3c,ד״ר דיאא זייד - Dr Diaa zaid,address,תל אביב–יפו x1,"הארבעה 28, תל אביב–יפו","הארבעה 28, תל אביב-יפו",https://beautyfind.co.il/dan/biz/dr-diaa-zaid
e31afad1-b3c7-48b0-9817-b761d6e811ce,חיים קפלן,address,תל אביב–יפו x1,"דובנוב 10, תל אביב–יפו","דובנוב 10, תל אביב-יפו",https://beautyfind.co.il/dan/biz/חיים-קפלן
7ef56877-6de8-4ee3-85d3-84f2c43fac74,חנה מושייב,address,תל אביב–יפו x1,"הרב יצחק ידידיה פרנקל 35, תל אביב–יפו","הרב יצחק ידידיה פרנקל 35, תל אביב-יפו",https://beautyfind.co.il/dan/biz/חנה-מושייב
2ea2ab17-1678-4a57-b255-4c4fb620740c,"מאי לי ביוטי - הדגשת תווי פנים: מיקרובליידינג, היפראליזם, מיקרושיידינג, הדגשת שפתיים, אייליינר, הסרת איפור קבוע בלייזר",address,תל אביב–יפו x1,"דרך מנחם בגין 160, תל אביב–יפו","דרך מנחם בגין 160, תל אביב-יפו",https://beautyfind.co.il/dan/biz/מאי-לי-ביוטי-הדגשת-תווי-פנים-מיקרובליידינג-היפראליזם-מיקרושי
9016d4c1-c7f3-4da5-89b5-62689cc58321,CUT THE BULLSHIT BarberShop,address,תל אביב–יפו x1,"צ׳לנוב 32, תל אביב–יפו","צ׳לנוב 32, תל אביב-יפו",https://beautyfind.co.il/dan/biz/cut-bullshit-barbershop
9016d4c1-c7f3-4da5-89b5-62689cc58321,CUT THE BULLSHIT BarberShop,gallery,תל אביב–יפו x7,"[{""alt"":""CUT THE BULLSHIT BarberShop, תל אביב–יפו, תמונה 2"",""url"":""/media/7f14fa17-f945-4176-bea3-bb029c69ab43""},{""alt"":""CUT THE BULLSHIT BarberShop, תל אביב–יפו, תמונה 3"",""url"":""/media/f580913e-5bde-4815-abac-6768350573c4""},{""alt"":""CUT THE BULLSHIT BarberShop, תל אביב–יפו, תמונה 4"",""url"":""/media/378dd1f6-8016-45ad-b5b1-ec550831777e""},{""alt"":""CUT THE BULLSHIT BarberShop, תל אביב–יפו, תמונה 5"",""url"":""/media/914848a9-b07a-4512-8c5f-dea3cc94881e""},{""alt"":""CUT THE BULLSHIT BarberShop, תל אביב–יפו, תמונה 6"",""url"":""/media/cb9d1344-11ad-4d17-8648-e5d25af35e35""},{""alt"":""CUT THE BULLSHIT BarberShop, תל אביב–יפו, תמונה 7"",""url"":""/media/79f1eee3-0fdc-4dec-87e1-1184548aa9b6""},{""alt"":""CUT THE BULLSHIT BarberShop, תל אביב–יפו, תמונה 8"",""url"":""/media/08c2dc39-7bf6-47e3-bf35-a3cdd1e972f2""}]","[{""alt"":""CUT THE BULLSHIT BarberShop, תל אביב-יפו, תמונה 2"",""url"":""/media/7f14fa17-f945-4176-bea3-bb029c69ab43""},{""alt"":""CUT THE BULLSHIT BarberShop, תל אביב-יפו, תמונה 3"",""url"":""/media/f580913e-5bde-4815-abac-6768350573c4""},{""alt"":""CUT THE BULLSHIT BarberShop, תל אביב-יפו, תמונה 4"",""url"":""/media/378dd1f6-8016-45ad-b5b1-ec550831777e""},{""alt"":""CUT THE BULLSHIT BarberShop, תל אביב-יפו, תמונה 5"",""url"":""/media/914848a9-b07a-4512-8c5f-dea3cc94881e""},{""alt"":""CUT THE BULLSHIT BarberShop, תל אביב-יפו, תמונה 6"",""url"":""/media/cb9d1344-11ad-4d17-8648-e5d25af35e35""},{""alt"":""CUT THE BULLSHIT BarberShop, תל אביב-יפו, תמונה 7"",""url"":""/media/79f1eee3-0fdc-4dec-87e1-1184548aa9b6""},{""alt"":""CUT THE BULLSHIT BarberShop, תל אביב-יפו, תמונה 8"",""url"":""/media/08c2dc39-7bf6-47e3-bf35-a3cdd1e972f2""}]",https://beautyfind.co.il/dan/biz/cut-bullshit-barbershop
15759f8a-3002-4f1d-9b88-e918ff89eb3f,סנס Sense,address,תל אביב–יפו x1,"קהילת סלוניקי 9, תל אביב–יפו","קהילת סלוניקי 9, תל אביב-יפו",https://beautyfind.co.il/dan/biz/sense
c32691a2-ca0a-4d69-ac16-370d93db0799,מוסקונה - מרפאות לניתוחים פלסטיים הזרקות וטיפולים משלימים,address,תל אביב–יפו x1,"ברודצקי 43, תל אביב–יפו","ברודצקי 43, תל אביב-יפו",https://beautyfind.co.il/dan/biz/מוסקונה-מרפאות-לניתוחים-פלסטיים-הזרקות-וטיפולים-משלימים
b14d94eb-53eb-43ce-ae27-0e3b7c7ecdb4,Lilly Kai רמת אביב,address,תל אביב–יפו x1,תל אביב–יפו,תל אביב-יפו,https://beautyfind.co.il/dan/biz/lilly-kai
feac125f-51d1-472c-b7d2-89a6d79eefb1,Nails by the Sea TLV,address,תל אביב–יפו x1,"זרובבל 12, תל אביב–יפו","זרובבל 12, תל אביב-יפו",https://beautyfind.co.il/dan/biz/nails-by-sea-tlv
428f7a54-124c-4b2c-917a-1c0772906303,"PRPclinic - טיפולי PRP, IPRF ו-CGF לנשירת שיער ואסתטיקה רפואית",address,תל אביב–יפו x1,"ברודצקי 43, תל אביב–יפו","ברודצקי 43, תל אביב-יפו",https://beautyfind.co.il/dan/biz/prpclinic-prp-iprf-cgf
b471583e-01ec-4a83-82f2-82912addd521,Winkler Clinic - Prof. Eyal Winkler,address,תל אביב–יפו x1,"ברזיל 17, תל אביב–יפו","ברזיל 17, תל אביב-יפו",https://beautyfind.co.il/dan/biz/winkler-clinic-prof-eyal-winkler
0a3536e4-1b46-4988-82cb-e3eb38374c53,Renée Cosmetics,address,תל אביב–יפו x1,"ויסוצקי 12, תל אביב–יפו","ויסוצקי 12, תל אביב-יפו",https://beautyfind.co.il/dan/biz/renee-cosmetics
0a3536e4-1b46-4988-82cb-e3eb38374c53,Renée Cosmetics,gallery,תל אביב–יפו x4,"[{""alt"":""Renée Cosmetics, תל אביב–יפו, תמונה 2"",""url"":""/media/3dfed62b-4f87-45f5-92f1-9ec2a2829644""},{""alt"":""Renée Cosmetics, תל אביב–יפו, תמונה 3"",""url"":""/media/2e048d7d-22c0-4bf5-915b-53cb4d6ffed4""},{""alt"":""Renée Cosmetics, תל אביב–יפו, תמונה 4"",""url"":""/media/c3a1b129-698f-4d84-b867-baf1c135d7d7""},{""alt"":""Renée Cosmetics, תל אביב–יפו, תמונה 5"",""url"":""/media/0493d2b0-70ed-48ce-b263-a4120f4a4b3e""}]","[{""alt"":""Renée Cosmetics, תל אביב-יפו, תמונה 2"",""url"":""/media/3dfed62b-4f87-45f5-92f1-9ec2a2829644""},{""alt"":""Renée Cosmetics, תל אביב-יפו, תמונה 3"",""url"":""/media/2e048d7d-22c0-4bf5-915b-53cb4d6ffed4""},{""alt"":""Renée Cosmetics, תל אביב-יפו, תמונה 4"",""url"":""/media/c3a1b129-698f-4d84-b867-baf1c135d7d7""},{""alt"":""Renée Cosmetics, תל אביב-יפו, תמונה 5"",""url"":""/media/0493d2b0-70ed-48ce-b263-a4120f4a4b3e""}]",https://beautyfind.co.il/dan/biz/renee-cosmetics
dacc8de0-1f8e-4477-87a2-0a4963319ac2,Yullia,address,תל אביב–יפו x1,"יהודה הלוי 20, תל אביב–יפו","יהודה הלוי 20, תל אביב-יפו",https://beautyfind.co.il/dan/biz/yullia
e82c7cf7-1eca-4b89-ac42-4846b53f53c8,be studio תל-אביב - בי סטודיו,address,תל אביב–יפו x1,"דרך מנחם בגין 53, קומה 2, תל אביב–יפו","דרך מנחם בגין 53, קומה 2, תל אביב-יפו",https://beautyfind.co.il/dan/biz/be-studio
c3968672-6116-457f-b3da-24f7aacf2dbb,ĀTO,address,תל אביב–יפו x1,"אשתורי הפרחי 18, תל אביב–יפו","אשתורי הפרחי 18, תל אביב-יפו",https://beautyfind.co.il/dan/biz/to
e0e7c443-ee21-4be5-8bb3-2568adf37232,אתר דוקטור חן,address,תל אביב–יפו x1,"הברזל 31, תל אביב–יפו","הברזל 31, תל אביב-יפו",https://beautyfind.co.il/dan/biz/אתר-דוקטור-חן
1bb5315d-d896-4421-a096-0271d97f0ba0,יגאל ויצמן - החלקה אורגנית | תוספות שיער | צמיד שיער,address,תל אביב–יפו x1,"הרוגי מלכות 7א, תל אביב–יפו","הרוגי מלכות 7א, תל אביב-יפו",https://beautyfind.co.il/dan/biz/יגאל-ויצמן-החלקה-אורגנית-תוספות-שיער-צמיד-שיער
1e8c108d-20ea-4043-bd39-5461c64f0c86,"ד""ר נועם חי | מנתח פלסטי בכיר בתל אביב",address,תל אביב–יפו x1,"דרך מנחם בגין 144 א, תל אביב–יפו","דרך מנחם בגין 144 א, תל אביב-יפו",https://beautyfind.co.il/dan/biz/דר-נועם-חי-מנתח-פלסטי-בכיר-בתל-אביב
8848c4aa-e0c4-43eb-b18a-ae99c2a356c4,"ד""ר עומר וולף - המרפאה הפרטית בע״מ",address,תל אביב–יפו x1,"הברזל 9, תל אביב–יפו","הברזל 9, תל אביב-יפו",https://beautyfind.co.il/dan/biz/דר-עומר-וולף-המרפאה-הפרטית-בעמ
2b8e6318-5a0d-4b4d-aaf3-b52b5d94ccab,הקומה של אהובה,address,תל אביב–יפו x1,"ארתור רובינשטיין 3, תל אביב–יפו","ארתור רובינשטיין 3, תל אביב-יפו",https://beautyfind.co.il/dan/biz/הקומה-אהובה
125f87c2-198c-4366-8112-ec766e68b10a,808 Haircut & Grooming 808TLV Tel Aviv Барбершоп | Barbershop - מספרה,address,תל אביב–יפו x1,"צ׳לנוב 6, תל אביב–יפו","צ׳לנוב 6, תל אביב-יפו",https://beautyfind.co.il/dan/biz/808-haircut-and-grooming-808tlv-tel-aviv-barbershop
125f87c2-198c-4366-8112-ec766e68b10a,808 Haircut & Grooming 808TLV Tel Aviv Барбершоп | Barbershop - מספרה,gallery,תל אביב–יפו x7,"[{""alt"":""808 Haircut & Grooming 808TLV Tel Aviv Барбершоп | Barbershop - מספרה, תל אביב–יפו, תמונה 2"",""url"":""/media/1b542d91-d831-4470-94a0-32b623d62373""},{""alt"":""808 Haircut & Grooming 808TLV Tel Aviv Барбершоп | Barbershop - מספרה, תל אביב–יפו, תמונה 3"",""url"":""/media/6dc2d613-3681-44f5-870d-18aff4702327""},{""alt"":""808 Haircut & Grooming 808TLV Tel Aviv Барбершоп | Barbershop - מספרה, תל אביב–יפו, תמונה 4"",""url"":""/media/2f4236f9-d271-4268-8c42-2a9589f96674""},{""alt"":""808 Haircut & Grooming 808TLV Tel Aviv Барбершоп | Barbershop - מספרה, תל אביב–יפו, תמונה 5"",""url"":""/media/62a7baac-1a29-4f56-a654-2b9ca0d25568""},{""alt"":""808 Haircut & Grooming 808TLV Tel Aviv Барбершоп | Barbershop - מספרה, תל אביב–יפו, תמונה 6"",""url"":""/media/4d22cd6e-e662-4a3f-98f8-5cfe49668bb9""},{""alt"":""808 Haircut & Grooming 808TLV Tel Aviv Барбершоп | Barbershop - מספרה, תל אביב–יפו, תמונה 7"",""url"":""/media/eea87d9d-cbd4-4174-8ead-d036bcdd395f""},{""alt"":""808 Haircut & Grooming 808TLV Tel Aviv Барбершоп | Barbershop - מספרה, תל אביב–יפו, תמונה 8"",""url"":""/media/aab39f11-e298-44ba-89d3-d05ecdf1140d""}]","[{""alt"":""808 Haircut & Grooming 808TLV Tel Aviv Барбершоп | Barbershop - מספרה, תל אביב-יפו, תמונה 2"",""url"":""/media/1b542d91-d831-4470-94a0-32b623d62373""},{""alt"":""808 Haircut & Grooming 808TLV Tel Aviv Барбершоп | Barbershop - מספרה, תל אביב-יפו, תמונה 3"",""url"":""/media/6dc2d613-3681-44f5-870d-18aff4702327""},{""alt"":""808 Haircut & Grooming 808TLV Tel Aviv Барбершоп | Barbershop - מספרה, תל אביב-יפו, תמונה 4"",""url"":""/media/2f4236f9-d271-4268-8c42-2a9589f96674""},{""alt"":""808 Haircut & Grooming 808TLV Tel Aviv Барбершоп | Barbershop - מספרה, תל אביב-יפו, תמונה 5"",""url"":""/media/62a7baac-1a29-4f56-a654-2b9ca0d25568""},{""alt"":""808 Haircut & Grooming 808TLV Tel Aviv Барбершоп | Barbershop - מספרה, תל אביב-יפו, תמונה 6"",""url"":""/media/4d22cd6e-e662-4a3f-98f8-5cfe49668bb9""},{""alt"":""808 Haircut & Grooming 808TLV Tel Aviv Барбершоп | Barbershop - מספרה, תל אביב-יפו, תמונה 7"",""url"":""/media/eea87d9d-cbd4-4174-8ead-d036bcdd395f""},{""alt"":""808 Haircut & Grooming 808TLV Tel Aviv Барбершоп | Barbershop - מספרה, תל אביב-יפו, תמונה 8"",""url"":""/media/aab39f11-e298-44ba-89d3-d05ecdf1140d""}]",https://beautyfind.co.il/dan/biz/808-haircut-and-grooming-808tlv-tel-aviv-barbershop
77692c6f-a6bd-4c13-b92b-c41dea986f6d,ירון אזולאי - עיצוב שיער,address,תל אביב–יפו x1,"ברודצקי 43, תל אביב–יפו","ברודצקי 43, תל אביב-יפו",https://beautyfind.co.il/dan/biz/ירון-אזולאי-עיצוב-שיער
2ed585c3-f1d9-4baf-bedf-32d8d75aec6f,Adis place- עדי בוטיק קוסמטיקאית והסרת שיער בלייזר תל אביב,address,תל אביב–יפו x1,"ארלוזורוב 62, תל אביב–יפו","ארלוזורוב 62, תל אביב-יפו",https://beautyfind.co.il/dan/biz/adis-place
2ed585c3-f1d9-4baf-bedf-32d8d75aec6f,Adis place- עדי בוטיק קוסמטיקאית והסרת שיער בלייזר תל אביב,gallery,תל אביב–יפו x7,"[{""alt"":""Adis place- עדי בוטיק קוסמטיקאית והסרת שיער בלייזר תל אביב, תל אביב–יפו, תמונה 2"",""url"":""/media/fa29f5af-1d2b-426a-9614-b7acd53f0297""},{""alt"":""Adis place- עדי בוטיק קוסמטיקאית והסרת שיער בלייזר תל אביב, תל אביב–יפו, תמונה 3"",""url"":""/media/6336bd04-91ae-4ca3-a0a0-7913b533cf8d""},{""alt"":""Adis place- עדי בוטיק קוסמטיקאית והסרת שיער בלייזר תל אביב, תל אביב–יפו, תמונה 4"",""url"":""/media/5ea84081-ecdd-49fc-99d1-5b579904b0b3""},{""alt"":""Adis place- עדי בוטיק קוסמטיקאית והסרת שיער בלייזר תל אביב, תל אביב–יפו, תמונה 5"",""url"":""/media/92ff3a30-0b07-4a8c-9407-eb10f02f58f9""},{""alt"":""Adis place- עדי בוטיק קוסמטיקאית והסרת שיער בלייזר תל אביב, תל אביב–יפו, תמונה 6"",""url"":""/media/25de24ea-7172-4a31-a3d1-565560c8a7b2""},{""alt"":""Adis place- עדי בוטיק קוסמטיקאית והסרת שיער בלייזר תל אביב, תל אביב–יפו, תמונה 7"",""url"":""/media/9acdd151-90cf-48cc-b688-c052c1622b90""},{""alt"":""Adis place- עדי בוטיק קוסמטיקאית והסרת שיער בלייזר תל אביב, תל אביב–יפו, תמונה 8"",""url"":""/media/f8a5de90-d2d2-403f-8612-5b55c7622da4""}]","[{""alt"":""Adis place- עדי בוטיק קוסמטיקאית והסרת שיער בלייזר תל אביב, תל אביב-יפו, תמונה 2"",""url"":""/media/fa29f5af-1d2b-426a-9614-b7acd53f0297""},{""alt"":""Adis place- עדי בוטיק קוסמטיקאית והסרת שיער בלייזר תל אביב, תל אביב-יפו, תמונה 3"",""url"":""/media/6336bd04-91ae-4ca3-a0a0-7913b533cf8d""},{""alt"":""Adis place- עדי בוטיק קוסמטיקאית והסרת שיער בלייזר תל אביב, תל אביב-יפו, תמונה 4"",""url"":""/media/5ea84081-ecdd-49fc-99d1-5b579904b0b3""},{""alt"":""Adis place- עדי בוטיק קוסמטיקאית והסרת שיער בלייזר תל אביב, תל אביב-יפו, תמונה 5"",""url"":""/media/92ff3a30-0b07-4a8c-9407-eb10f02f58f9""},{""alt"":""Adis place- עדי בוטיק קוסמטיקאית והסרת שיער בלייזר תל אביב, תל אביב-יפו, תמונה 6"",""url"":""/media/25de24ea-7172-4a31-a3d1-565560c8a7b2""},{""alt"":""Adis place- עדי בוטיק קוסמטיקאית והסרת שיער בלייזר תל אביב, תל אביב-יפו, תמונה 7"",""url"":""/media/9acdd151-90cf-48cc-b688-c052c1622b90""},{""alt"":""Adis place- עדי בוטיק קוסמטיקאית והסרת שיער בלייזר תל אביב, תל אביב-יפו, תמונה 8"",""url"":""/media/f8a5de90-d2d2-403f-8612-5b55c7622da4""}]",https://beautyfind.co.il/dan/biz/adis-place
30c39ad7-486e-4c94-9df4-c7c02f154bc9,מכבי אסתטיקה - סניף תל אביב,address,תל אביב–יפו x1,"דרך מנחם בגין 144 מגדל מידטאון, בניין מלון, קומה 1, תל אביב–יפו","דרך מנחם בגין 144 מגדל מידטאון, בניין מלון, קומה 1, תל אביב-יפו",https://beautyfind.co.il/dan/biz/מכבי-אסתטיקה-סניף-תל-אביב
f0c9803e-0050-45be-8060-19eb1ed9f379,מכון שיזוף בהתזה ׳ספריי׳ - spray tanning salon,address,תל אביב–יפו x1,"צירלסון 4, תל אביב–יפו","צירלסון 4, תל אביב-יפו",https://beautyfind.co.il/dan/biz/spray-tanning-salon
e41cb1e0-4dba-4c0a-9ae9-62d4b07e7cfd,Gorgeous,address,תל אביב–יפו x1,"דיזנגוף 50, תל אביב–יפו","דיזנגוף 50, תל אביב-יפו",https://beautyfind.co.il/dan/biz/gorgeous
2e9b1d49-a617-44d9-a0a1-cb4c51dd3a4f,רונית רפאל מדע היופי - תל אביב,address,תל אביב–יפו x1,"בזל 35, תל אביב–יפו","בזל 35, תל אביב-יפו",https://beautyfind.co.il/dan/biz/רונית-רפאל-מדע-היופי-תל-אביב
bac3185f-909b-482e-8fd5-1484b426acd0,BUBA beauty space,address,תל אביב–יפו x1,"הרצל 85, תל אביב–יפו","הרצל 85, תל אביב-יפו",https://beautyfind.co.il/dan/biz/buba-beauty-space
800087b3-e648-4bb1-9f81-439a1022feda,Happy Hour TLV,address,תל אביב–יפו x1,"ליאונרדו דה וינצ׳י 2, תל אביב–יפו","ליאונרדו דה וינצ׳י 2, תל אביב-יפו",https://beautyfind.co.il/dan/biz/happy-hour-tlv
90c397d2-b22b-47e1-81db-bc814a5ec773,Ida eyebrows and Hair Removal,address,תל אביב–יפו x1,"בן יהודה 32, תל אביב–יפו","בן יהודה 32, תל אביב-יפו",https://beautyfind.co.il/dan/biz/ida-eyebrows-and-hair-removal
7e9708d2-4d30-49f7-9ecc-739a226463be,Eran Yaniv Katsav,address,תל אביב–יפו x1,"שלמה אבן גבירול 168, תל אביב–יפו","שלמה אבן גבירול 168, תל אביב-יפו",https://beautyfind.co.il/dan/biz/eran-yaniv-katsav
6276b316-e855-4071-bc62-76b30546fcbc,מושלמת האוס אוף ביוטי,address,תל אביב–יפו x1,"החשמונאים 113, תל אביב–יפו","החשמונאים 113, תל אביב-יפו",https://beautyfind.co.il/dan/biz/מושלמת-האוס-אוף-ביוטי
6276b316-e855-4071-bc62-76b30546fcbc,מושלמת האוס אוף ביוטי,gallery,תל אביב–יפו x6,"[{""alt"":""מושלמת האוס אוף ביוטי, תל אביב–יפו, תמונה 2"",""url"":""/media/6f491fdb-af08-4c56-8397-709c36987266""},{""alt"":""מושלמת האוס אוף ביוטי, תל אביב–יפו, תמונה 3"",""url"":""/media/4e628da4-4535-4343-9e1f-2b9ad7682419""},{""alt"":""מושלמת האוס אוף ביוטי, תל אביב–יפו, תמונה 4"",""url"":""/media/e1fe8934-fd44-4517-9b79-79992fd7e262""},{""alt"":""מושלמת האוס אוף ביוטי, תל אביב–יפו, תמונה 5"",""url"":""/media/943bc710-008a-4c20-a1c5-3d78aa809e74""},{""alt"":""הרמת ריסים בתל אביב, מושלמת האוס אוף ביוטי"",""url"":""/media/e2c9bbc7-72c0-4445-b06a-0ed05e3bb81f""},{""alt"":""מושלמת האוס אוף ביוטי, תל אביב–יפו, תמונה 7"",""url"":""/media/f647ea79-814f-4ca0-b196-bf9105971ca1""},{""alt"":""מושלמת האוס אוף ביוטי, תל אביב–יפו, תמונה 8"",""url"":""/media/3c9c4ec4-6a2a-4fe8-8fde-ac5e4263ed1a""}]","[{""alt"":""מושלמת האוס אוף ביוטי, תל אביב-יפו, תמונה 2"",""url"":""/media/6f491fdb-af08-4c56-8397-709c36987266""},{""alt"":""מושלמת האוס אוף ביוטי, תל אביב-יפו, תמונה 3"",""url"":""/media/4e628da4-4535-4343-9e1f-2b9ad7682419""},{""alt"":""מושלמת האוס אוף ביוטי, תל אביב-יפו, תמונה 4"",""url"":""/media/e1fe8934-fd44-4517-9b79-79992fd7e262""},{""alt"":""מושלמת האוס אוף ביוטי, תל אביב-יפו, תמונה 5"",""url"":""/media/943bc710-008a-4c20-a1c5-3d78aa809e74""},{""alt"":""הרמת ריסים בתל אביב, מושלמת האוס אוף ביוטי"",""url"":""/media/e2c9bbc7-72c0-4445-b06a-0ed05e3bb81f""},{""alt"":""מושלמת האוס אוף ביוטי, תל אביב-יפו, תמונה 7"",""url"":""/media/f647ea79-814f-4ca0-b196-bf9105971ca1""},{""alt"":""מושלמת האוס אוף ביוטי, תל אביב-יפו, תמונה 8"",""url"":""/media/3c9c4ec4-6a2a-4fe8-8fde-ac5e4263ed1a""}]",https://beautyfind.co.il/dan/biz/מושלמת-האוס-אוף-ביוטי
a359b297-0204-413e-b25a-ead4cef6829f,קליניקת ויקה קוסמטיקה מתקדמת | קוסמטיקאית רפואית,address,תל אביב–יפו x1,"פינסקר 43, תל אביב–יפו","פינסקר 43, תל אביב-יפו",https://beautyfind.co.il/dan/biz/קליניקת-ויקה-קוסמטיקה-מתקדמת-קוסמטיקאית-רפואית
1983207e-fcbc-44a1-88d5-ed9821777dfa,Sharoomba Cosmetics שרומבה קוסמטיקה,address,תל אביב–יפו x1,"החשמל 12, תל אביב–יפו","החשמל 12, תל אביב-יפו",https://beautyfind.co.il/dan/biz/sharoomba-cosmetics
1983207e-fcbc-44a1-88d5-ed9821777dfa,Sharoomba Cosmetics שרומבה קוסמטיקה,gallery,תל אביב–יפו x7,"[{""alt"":""Sharoomba Cosmetics שרומבה קוסמטיקה, תל אביב–יפו, תמונה 2"",""url"":""/media/29a78574-f8a2-407c-906d-0d5af6b3c4a7""},{""alt"":""Sharoomba Cosmetics שרומבה קוסמטיקה, תל אביב–יפו, תמונה 3"",""url"":""/media/3d5d95f3-0f77-436c-b10c-2817d327660d""},{""alt"":""Sharoomba Cosmetics שרומבה קוסמטיקה, תל אביב–יפו, תמונה 4"",""url"":""/media/730b979e-d825-4632-8eae-59af9428c96a""},{""alt"":""Sharoomba Cosmetics שרומבה קוסמטיקה, תל אביב–יפו, תמונה 5"",""url"":""/media/9a3908bb-c234-42b2-bf68-a3a6ad9318ac""},{""alt"":""Sharoomba Cosmetics שרומבה קוסמטיקה, תל אביב–יפו, תמונה 6"",""url"":""/media/920521b9-bc4e-47dc-a29f-7b282d566b1d""},{""alt"":""Sharoomba Cosmetics שרומבה קוסמטיקה, תל אביב–יפו, תמונה 7"",""url"":""/media/019b085e-6044-4751-8e44-0d31bd85fa62""},{""alt"":""Sharoomba Cosmetics שרומבה קוסמטיקה, תל אביב–יפו, תמונה 8"",""url"":""/media/f6b6dc5a-022c-448e-9b1b-af28cecd2238""}]","[{""alt"":""Sharoomba Cosmetics שרומבה קוסמטיקה, תל אביב-יפו, תמונה 2"",""url"":""/media/29a78574-f8a2-407c-906d-0d5af6b3c4a7""},{""alt"":""Sharoomba Cosmetics שרומבה קוסמטיקה, תל אביב-יפו, תמונה 3"",""url"":""/media/3d5d95f3-0f77-436c-b10c-2817d327660d""},{""alt"":""Sharoomba Cosmetics שרומבה קוסמטיקה, תל אביב-יפו, תמונה 4"",""url"":""/media/730b979e-d825-4632-8eae-59af9428c96a""},{""alt"":""Sharoomba Cosmetics שרומבה קוסמטיקה, תל אביב-יפו, תמונה 5"",""url"":""/media/9a3908bb-c234-42b2-bf68-a3a6ad9318ac""},{""alt"":""Sharoomba Cosmetics שרומבה קוסמטיקה, תל אביב-יפו, תמונה 6"",""url"":""/media/920521b9-bc4e-47dc-a29f-7b282d566b1d""},{""alt"":""Sharoomba Cosmetics שרומבה קוסמטיקה, תל אביב-יפו, תמונה 7"",""url"":""/media/019b085e-6044-4751-8e44-0d31bd85fa62""},{""alt"":""Sharoomba Cosmetics שרומבה קוסמטיקה, תל אביב-יפו, תמונה 8"",""url"":""/media/f6b6dc5a-022c-448e-9b1b-af28cecd2238""}]",https://beautyfind.co.il/dan/biz/sharoomba-cosmetics
315529a9-a10b-410b-8791-83c50658470f,ViVi TELAViVi NAiLS ויוי תלאביבי ניילס,address,תל אביב–יפו x1,"דיזנגוף 159, תל אביב–יפו","דיזנגוף 159, תל אביב-יפו",https://beautyfind.co.il/dan/biz/vivi-telavivi-nails
8af31e3c-a298-4d41-933f-50031782d817,מסודרות,address,תל אביב–יפו x1,"דיזנגוף 50, תל אביב–יפו","דיזנגוף 50, תל אביב-יפו",https://beautyfind.co.il/dan/biz/מסודרות
22769a43-e52e-43a2-b880-a4953adfa60c,STIKA Beauty TLV,address,תל אביב–יפו x1,"פינסקר 66, תל אביב–יפו","פינסקר 66, תל אביב-יפו",https://beautyfind.co.il/dan/biz/stika-beauty-tlv
2a8ef746-7ca8-4823-a72f-f9341fa5a7cd,Jordan beauty,address,תל אביב–יפו x1,"לילינבלום 3, תל אביב–יפו","לילינבלום 3, תל אביב-יפו",https://beautyfind.co.il/dan/biz/jordan-beauty
462b5fe2-7d50-4c6a-82a9-530f1d0257ae,פרופורציה,address,תל אביב–יפו x1,"הארבעה 28, קומה 26, תל אביב–יפו","הארבעה 28, קומה 26, תל אביב-יפו",https://beautyfind.co.il/dan/biz/פרופורציה
70143afd-d45c-4eea-90f4-a53804b07168,מספרת שי גדון עיצוב שיער נשים,address,תל אביב–יפו x1,"שינקין 61, תל אביב–יפו","שינקין 61, תל אביב-יפו",https://beautyfind.co.il/dan/biz/מספרת-שי-גדון-עיצוב-שיער-נשים
b31e7964-7cb9-420e-86ad-9b8a746d6975,myclinic Lillienblum,address,תל אביב–יפו x1,"לילינבלום 17, תל אביב–יפו","לילינבלום 17, תל אביב-יפו",https://beautyfind.co.il/dan/biz/myclinic-lillienblum
3a64ca0d-70ab-47a7-861b-a36f920413c2,Beauty Time Salon,address,תל אביב–יפו x1,"ירמיהו 33, תל אביב–יפו","ירמיהו 33, תל אביב-יפו",https://beautyfind.co.il/dan/biz/beauty-time-salon
3a64ca0d-70ab-47a7-861b-a36f920413c2,Beauty Time Salon,gallery,תל אביב–יפו x7,"[{""alt"":""Beauty Time Salon, תל אביב–יפו, תמונה 2"",""url"":""/media/00716794-381f-47b9-b355-f42de4009592""},{""alt"":""Beauty Time Salon, תל אביב–יפו, תמונה 3"",""url"":""/media/cd2f5dc0-fc69-47dc-abd0-5e21410764a1""},{""alt"":""Beauty Time Salon, תל אביב–יפו, תמונה 4"",""url"":""/media/2351a7e9-7e40-42f7-9ca6-505b5acc8209""},{""alt"":""Beauty Time Salon, תל אביב–יפו, תמונה 5"",""url"":""/media/45cfa929-f9c5-411c-89ce-961a5f08eb2f""},{""alt"":""Beauty Time Salon, תל אביב–יפו, תמונה 6"",""url"":""/media/f474eb75-70ad-4e33-901c-bbc2fccfad79""},{""alt"":""Beauty Time Salon, תל אביב–יפו, תמונה 7"",""url"":""/media/3f8c3d0d-9304-453a-917d-91081b696a5e""},{""alt"":""Beauty Time Salon, תל אביב–יפו, תמונה 8"",""url"":""/media/99409678-210f-45b8-8ced-2d1a00d11dfb""}]","[{""alt"":""Beauty Time Salon, תל אביב-יפו, תמונה 2"",""url"":""/media/00716794-381f-47b9-b355-f42de4009592""},{""alt"":""Beauty Time Salon, תל אביב-יפו, תמונה 3"",""url"":""/media/cd2f5dc0-fc69-47dc-abd0-5e21410764a1""},{""alt"":""Beauty Time Salon, תל אביב-יפו, תמונה 4"",""url"":""/media/2351a7e9-7e40-42f7-9ca6-505b5acc8209""},{""alt"":""Beauty Time Salon, תל אביב-יפו, תמונה 5"",""url"":""/media/45cfa929-f9c5-411c-89ce-961a5f08eb2f""},{""alt"":""Beauty Time Salon, תל אביב-יפו, תמונה 6"",""url"":""/media/f474eb75-70ad-4e33-901c-bbc2fccfad79""},{""alt"":""Beauty Time Salon, תל אביב-יפו, תמונה 7"",""url"":""/media/3f8c3d0d-9304-453a-917d-91081b696a5e""},{""alt"":""Beauty Time Salon, תל אביב-יפו, תמונה 8"",""url"":""/media/99409678-210f-45b8-8ced-2d1a00d11dfb""}]",https://beautyfind.co.il/dan/biz/beauty-time-salon
b9090e87-3422-4ae0-8847-4dec673e85a0,נטלי קוסמטיקס,address,תל אביב–יפו x1,"שלמה אבן גבירול 107, תל אביב–יפו","שלמה אבן גבירול 107, תל אביב-יפו",https://beautyfind.co.il/dan/biz/נטלי-קוסמטיקס
4fa1f819-6541-45c9-b1d4-0ae3aa4104bd,סלון יפו jaffa salon,address,תל אביב–יפו x1,"שוק הפשפשים רבי נחמן 5 שוק הפשפשים, תל אביב–יפו","שוק הפשפשים רבי נחמן 5 שוק הפשפשים, תל אביב-יפו",https://beautyfind.co.il/dan/biz/jaffa-salon
41b33d29-6986-4758-b382-2bde08d435be,4Man - מכון יופי וטיפוח לגבר בתל אביב,address,תל אביב–יפו x1,"ריינס 18, תל אביב–יפו","ריינס 18, תל אביב-יפו",https://beautyfind.co.il/dan/biz/4man
7a042352-928d-45bb-83d9-6d4421779406,אירית גולן קוסמטיקאית -טיפולי פנים והסרת שיער בלייזר,address,תל אביב–יפו x1,"אהרון בקר 8, קומה 2, תל אביב–יפו","אהרון בקר 8, קומה 2, תל אביב-יפו",https://beautyfind.co.il/dan/biz/אירית-גולן-קוסמטיקאית-טיפולי-פנים-והסרת-שיער-בלייזר
10e7985d-1462-400f-bff7-4503254b418e,אנדר פלאנט Another planet,address,תל אביב–יפו x1,"הרבי מבכרך 8, תל אביב–יפו","הרבי מבכרך 8, תל אביב-יפו",https://beautyfind.co.il/dan/biz/another-planet
10e7985d-1462-400f-bff7-4503254b418e,אנדר פלאנט Another planet,gallery,תל אביב–יפו x7,"[{""alt"":""אנדר פלאנט Another planet, תל אביב–יפו, תמונה 2"",""url"":""/media/2b2b23cb-ea57-40ef-9f87-6d1c55a99064""},{""alt"":""אנדר פלאנט Another planet, תל אביב–יפו, תמונה 3"",""url"":""/media/4c82170c-4fb3-4430-8953-dfa11078c0bc""},{""alt"":""אנדר פלאנט Another planet, תל אביב–יפו, תמונה 4"",""url"":""/media/0ab5003f-4aea-49ed-847a-9213e32d0ce7""},{""alt"":""אנדר פלאנט Another planet, תל אביב–יפו, תמונה 5"",""url"":""/media/12ae9376-c472-47db-a8de-246d61173ec6""},{""alt"":""אנדר פלאנט Another planet, תל אביב–יפו, תמונה 6"",""url"":""/media/7fd758a5-57cb-4551-9b77-cd324d1f1060""},{""alt"":""אנדר פלאנט Another planet, תל אביב–יפו, תמונה 7"",""url"":""/media/2c8cae82-47e5-4f0f-a7bf-1f1e223ce8a9""},{""alt"":""אנדר פלאנט Another planet, תל אביב–יפו, תמונה 8"",""url"":""/media/7902d282-56f2-488e-ac44-002ef5ed5e26""}]","[{""alt"":""אנדר פלאנט Another planet, תל אביב-יפו, תמונה 2"",""url"":""/media/2b2b23cb-ea57-40ef-9f87-6d1c55a99064""},{""alt"":""אנדר פלאנט Another planet, תל אביב-יפו, תמונה 3"",""url"":""/media/4c82170c-4fb3-4430-8953-dfa11078c0bc""},{""alt"":""אנדר פלאנט Another planet, תל אביב-יפו, תמונה 4"",""url"":""/media/0ab5003f-4aea-49ed-847a-9213e32d0ce7""},{""alt"":""אנדר פלאנט Another planet, תל אביב-יפו, תמונה 5"",""url"":""/media/12ae9376-c472-47db-a8de-246d61173ec6""},{""alt"":""אנדר פלאנט Another planet, תל אביב-יפו, תמונה 6"",""url"":""/media/7fd758a5-57cb-4551-9b77-cd324d1f1060""},{""alt"":""אנדר פלאנט Another planet, תל אביב-יפו, תמונה 7"",""url"":""/media/2c8cae82-47e5-4f0f-a7bf-1f1e223ce8a9""},{""alt"":""אנדר פלאנט Another planet, תל אביב-יפו, תמונה 8"",""url"":""/media/7902d282-56f2-488e-ac44-002ef5ed5e26""}]",https://beautyfind.co.il/dan/biz/another-planet
48804575-e784-45c7-a79d-6c087329fe49,גיל דורמן - המרכז לטיפולי פיגמנטציה,address,תל אביב–יפו x1,"הברזל 31, תל אביב–יפו","הברזל 31, תל אביב-יפו",https://beautyfind.co.il/dan/biz/גיל-דורמן-המרכז-לטיפולי-פיגמנטציה
4c6fbe8b-f945-4e62-8586-8c94d711366f,אנזו מד Anzo Med,address,תל אביב–יפו x1,"השרון 14, תל אביב–יפו","השרון 14, תל אביב-יפו",https://beautyfind.co.il/dan/biz/anzo-med
960f825a-daf1-4751-833f-e798cc293459,Horizon Spa,address,תל אביב–יפו x1,"הירקון 115, תל אביב–יפו","הירקון 115, תל אביב-יפו",https://beautyfind.co.il/dan/biz/horizon-spa
758de1cc-ed61-4ff7-97b1-0720b36184a0,"ד״ר אודי ארד, מומחה בניתוחים פלסטיים וטיפולים אסתטיים",address,תל אביב–יפו x1,"הברזל 9a, תל אביב–יפו","הברזל 9a, תל אביב-יפו",https://beautyfind.co.il/dan/biz/דר-אודי-ארד-מומחה-בניתוחים-פלסטיים-וטיפולים-אסתטיים
af501a92-5f78-47d4-ac11-d5d30dc6a60c,ד״ר אורן גולדשטיין,address,תל אביב–יפו x1,"הברזל 11, תל אביב–יפו","הברזל 11, תל אביב-יפו",https://beautyfind.co.il/dan/biz/דר-אורן-גולדשטיין
1a02e569-909f-430f-82f6-3a144f206baa,"ד""ר דורון אבניאלי, השתלות שיניים, טיפולי שיניים בהרדמה מלאה",address,תל אביב–יפו x1,"כניסה קומה 3, תל אביב–יפו","כניסה קומה 3, תל אביב-יפו",https://beautyfind.co.il/dan/biz/דר-דורון-אבניאלי-השתלות-שיניים-טיפולי-שיניים-בהרדמה-מלאה
73dcc4d5-53ab-492c-847c-0c9ebe462c3d,"ד""ר דרור בן-שלמה רופא שיניים וטיפולים אסתטיים בתל אביב",address,תל אביב–יפו x1,"מלכי ישראל 17, תל אביב–יפו","מלכי ישראל 17, תל אביב-יפו",https://beautyfind.co.il/dan/biz/דר-דרור-בן-שלמה-רופא-שיניים-וטיפולים-אסתטיים-בתל-אביב
6c599493-1abb-4bb8-bb35-4738572296ca,"ד""ר אבנר בן שושן",address,תל אביב–יפו x1,"ברודצקי 43, כניסה ב׳ - קומה 4, תל אביב–יפו","ברודצקי 43, כניסה ב׳ - קומה 4, תל אביב-יפו",https://beautyfind.co.il/dan/biz/דר-אבנר-בן-שושן
aded8126-8d8c-49e7-a035-0dc0f889ccba,"הסרת שיער בלייזר , לק ג'ל מניקור פדיקור , טיפולי פנים רמת החייל",address,תל אביב–יפו x1,"ק״ם 87, תל אביב–יפו","ק״ם 87, תל אביב-יפו",https://beautyfind.co.il/dan/biz/הסרת-שיער-בלייזר-לק-גל-מניקור-פדיקור-טיפולי-פנים-רמת-החייל
75fb76c5-de75-45f0-af66-85d6fb7a8834,"לימור שמואל קוסמטיקאית,פדיקור,מניקור ג׳ל, ליזר ,שעוות ,אפילציה",address,תל אביב–יפו x1,"רבינדרנת טאגור 34-38, תל אביב–יפו","רבינדרנת טאגור 34-38, תל אביב-יפו",https://beautyfind.co.il/dan/biz/לימור-שמואל-קוסמטיקאית-פדיקור-מניקור-גל-ליזר-שעוות-אפילציה
75fb76c5-de75-45f0-af66-85d6fb7a8834,"לימור שמואל קוסמטיקאית,פדיקור,מניקור ג׳ל, ליזר ,שעוות ,אפילציה",gallery,תל אביב–יפו x5,"[{""alt"":""לימור שמואל קוסמטיקאית,פדיקור,מניקור ג׳ל, ליזר ,שעוות ,אפילציה, תל אביב–יפו, תמונה 2"",""url"":""/media/70e86e82-7ef9-4524-9eac-5690b9c0af35""},{""alt"":""לימור שמואל קוסמטיקאית,פדיקור,מניקור ג׳ל, ליזר ,שעוות ,אפילציה, תל אביב–יפו, תמונה 3"",""url"":""/media/bf84be7d-468f-43a1-8baf-65e32d904d7a""},{""alt"":""לימור שמואל קוסמטיקאית,פדיקור,מניקור ג׳ל, ליזר ,שעוות ,אפילציה, תל אביב–יפו, תמונה 4"",""url"":""/media/518a2e82-d144-4dd6-97ee-b8d5286172d1""},{""alt"":""לימור שמואל קוסמטיקאית,פדיקור,מניקור ג׳ל, ליזר ,שעוות ,אפילציה, תל אביב–יפו, תמונה 5"",""url"":""/media/adf9658d-125e-4c3a-8389-510c4192af52""},{""alt"":""לימור שמואל קוסמטיקאית,פדיקור,מניקור ג׳ל, ליזר ,שעוות ,אפילציה, תל אביב–יפו, תמונה 6"",""url"":""/media/ba2792e5-be62-47f4-8c0c-23fa6f45561c""}]","[{""alt"":""לימור שמואל קוסמטיקאית,פדיקור,מניקור ג׳ל, ליזר ,שעוות ,אפילציה, תל אביב-יפו, תמונה 2"",""url"":""/media/70e86e82-7ef9-4524-9eac-5690b9c0af35""},{""alt"":""לימור שמואל קוסמטיקאית,פדיקור,מניקור ג׳ל, ליזר ,שעוות ,אפילציה, תל אביב-יפו, תמונה 3"",""url"":""/media/bf84be7d-468f-43a1-8baf-65e32d904d7a""},{""alt"":""לימור שמואל קוסמטיקאית,פדיקור,מניקור ג׳ל, ליזר ,שעוות ,אפילציה, תל אביב-יפו, תמונה 4"",""url"":""/media/518a2e82-d144-4dd6-97ee-b8d5286172d1""},{""alt"":""לימור שמואל קוסמטיקאית,פדיקור,מניקור ג׳ל, ליזר ,שעוות ,אפילציה, תל אביב-יפו, תמונה 5"",""url"":""/media/adf9658d-125e-4c3a-8389-510c4192af52""},{""alt"":""לימור שמואל קוסמטיקאית,פדיקור,מניקור ג׳ל, ליזר ,שעוות ,אפילציה, תל אביב-יפו, תמונה 6"",""url"":""/media/ba2792e5-be62-47f4-8c0c-23fa6f45561c""}]",https://beautyfind.co.il/dan/biz/לימור-שמואל-קוסמטיקאית-פדיקור-מניקור-גל-ליזר-שעוות-אפילציה
f70ad100-5e81-4531-8b98-3fde4a60573d,Beautique by Poly,address,תל אביב–יפו x1,"קהילת ורשה 107, תל אביב–יפו","קהילת ורשה 107, תל אביב-יפו",https://beautyfind.co.il/dan/biz/beautique-by-poly
e7f4f6f5-896d-43dc-8ec8-6f800b29887c,Cosmetology Tel-Aviv קוסמטיקאית תל אביב,address,תל אביב–יפו x1,"ריינס 18, תל אביב–יפו","ריינס 18, תל אביב-יפו",https://beautyfind.co.il/dan/biz/cosmetology-tel-aviv
54ee89bb-3240-4ccd-bf88-bdcdb2dd189e,Doctor Ram Silfen - Tel Aviv Plastic,address,תל אביב–יפו x1,"הברזל 9 A, תל אביב–יפו","הברזל 9 A, תל אביב-יפו",https://beautyfind.co.il/dan/biz/doctor-ram-silfen-tel-aviv-plastic
9de5fe8a-48df-47f1-9013-3c5653e3b84a,"ד""ר ערן חדד - מנתח פלסטי, מומחה לכירורגיה פלסטית - כירורג פלסטי",address,תל אביב–יפו x1,"הברזל 21, תל אביב–יפו","הברזל 21, תל אביב-יפו",https://beautyfind.co.il/dan/biz/דר-ערן-חדד-מנתח-פלסטי-מומחה-לכירורגיה-פלסטית-כירורג-פלסטי
409bfe62-4056-4144-804a-aa1821b63992,Dreamboat,address,תל אביב–יפו x1,"רמב״ם 8, תל אביב–יפו","רמב״ם 8, תל אביב-יפו",https://beautyfind.co.il/dan/biz/dreamboat
976d943f-892f-4dc3-a180-0a45663580f5,yullia King George,address,תל אביב–יפו x1,"המלך ג׳ורג׳ 51, תל אביב–יפו","המלך ג׳ורג׳ 51, תל אביב-יפו",https://beautyfind.co.il/dan/biz/yullia-king-george
b4da1f26-c7b3-444b-a71c-ee0f6f082877,H.Clinic | לייזר ואסתטיקה,address,תל אביב–יפו x1,"הנחושת 3, תל אביב–יפו","הנחושת 3, תל אביב-יפו",https://beautyfind.co.il/dan/biz/h-clinic
e4e613ba-3131-4b3c-b1df-7dcbdd6465c9,Happy hour דיזנגוף,address,תל אביב–יפו x1,"המלך ג׳ורג׳ 75, תל אביב–יפו","המלך ג׳ורג׳ 75, תל אביב-יפו",https://beautyfind.co.il/dan/biz/happy-hour
e4e613ba-3131-4b3c-b1df-7dcbdd6465c9,Happy hour דיזנגוף,gallery,תל אביב–יפו x7,"[{""alt"":""Happy hour דיזנגוף, תל אביב–יפו, תמונה 2"",""url"":""/media/de246457-91f8-4dd0-a1b2-bdae6a5b3f94""},{""alt"":""Happy hour דיזנגוף, תל אביב–יפו, תמונה 3"",""url"":""/media/2eff7269-1782-457d-af56-2891543cb891""},{""alt"":""Happy hour דיזנגוף, תל אביב–יפו, תמונה 4"",""url"":""/media/c54af73d-5e57-4aae-8211-94e50ceab24c""},{""alt"":""Happy hour דיזנגוף, תל אביב–יפו, תמונה 5"",""url"":""/media/5bbfb092-e038-4457-8f10-fc50e24f4b57""},{""alt"":""Happy hour דיזנגוף, תל אביב–יפו, תמונה 6"",""url"":""/media/ecc38c39-c103-4c35-884c-5de0d4fdcd15""},{""alt"":""Happy hour דיזנגוף, תל אביב–יפו, תמונה 7"",""url"":""/media/60f9f63a-f437-4d57-8bc4-506e7122dbf4""},{""alt"":""Happy hour דיזנגוף, תל אביב–יפו, תמונה 8"",""url"":""/media/e08cecac-5cc7-4be8-a37a-27e8cd84c74d""}]","[{""alt"":""Happy hour דיזנגוף, תל אביב-יפו, תמונה 2"",""url"":""/media/de246457-91f8-4dd0-a1b2-bdae6a5b3f94""},{""alt"":""Happy hour דיזנגוף, תל אביב-יפו, תמונה 3"",""url"":""/media/2eff7269-1782-457d-af56-2891543cb891""},{""alt"":""Happy hour דיזנגוף, תל אביב-יפו, תמונה 4"",""url"":""/media/c54af73d-5e57-4aae-8211-94e50ceab24c""},{""alt"":""Happy hour דיזנגוף, תל אביב-יפו, תמונה 5"",""url"":""/media/5bbfb092-e038-4457-8f10-fc50e24f4b57""},{""alt"":""Happy hour דיזנגוף, תל אביב-יפו, תמונה 6"",""url"":""/media/ecc38c39-c103-4c35-884c-5de0d4fdcd15""},{""alt"":""Happy hour דיזנגוף, תל אביב-יפו, תמונה 7"",""url"":""/media/60f9f63a-f437-4d57-8bc4-506e7122dbf4""},{""alt"":""Happy hour דיזנגוף, תל אביב-יפו, תמונה 8"",""url"":""/media/e08cecac-5cc7-4be8-a37a-27e8cd84c74d""}]",https://beautyfind.co.il/dan/biz/happy-hour
2df2cf51-e69b-482e-9c6c-c609803964af,דר' שיין - מומחה בכירורגיה פלסטית,address,תל אביב–יפו x1,"הנחושת 3, תל אביב–יפו","הנחושת 3, תל אביב-יפו",https://beautyfind.co.il/dan/biz/דר-שיין-מומחה-בכירורגיה-פלסטית
98bf9648-5e49-4df3-81b3-f68142edcdfd,ד״ר ערן צנציפר- מומחה לשיקום הפה,address,תל אביב–יפו x1,"דיזנגוף 101, תל אביב–יפו","דיזנגוף 101, תל אביב-יפו",https://beautyfind.co.il/dan/biz/דר-ערן-צנציפר-מומחה-לשיקום-הפה
0ebe5101-7451-4419-a0d6-41cb7b7dae84,L'Occitane ל'אוקסיטן ספא עזריאלי שרונה,address,תל אביב–יפו x1,"דרך מנחם בגין 121, תל אביב–יפו","דרך מנחם בגין 121, תל אביב-יפו",https://beautyfind.co.il/dan/biz/l-occitane
0ebe5101-7451-4419-a0d6-41cb7b7dae84,L'Occitane ל'אוקסיטן ספא עזריאלי שרונה,gallery,תל אביב–יפו x7,"[{""alt"":""L'Occitane ל'אוקסיטן ספא עזריאלי שרונה, תל אביב–יפו, תמונה 2"",""url"":""/media/db107be2-1e0b-4809-a5a3-e98818abc8e1""},{""alt"":""L'Occitane ל'אוקסיטן ספא עזריאלי שרונה, תל אביב–יפו, תמונה 3"",""url"":""/media/bf755588-8dc9-466e-9fe4-62374bcb4952""},{""alt"":""L'Occitane ל'אוקסיטן ספא עזריאלי שרונה, תל אביב–יפו, תמונה 4"",""url"":""/media/b1c7bf3d-e97d-4350-aa64-91d63d5da1f1""},{""alt"":""L'Occitane ל'אוקסיטן ספא עזריאלי שרונה, תל אביב–יפו, תמונה 5"",""url"":""/media/bde58d9f-b218-4b32-825b-58b64dac8b4e""},{""alt"":""L'Occitane ל'אוקסיטן ספא עזריאלי שרונה, תל אביב–יפו, תמונה 6"",""url"":""/media/43f54d5b-ce1b-4813-96f3-8566f3af6acd""},{""alt"":""L'Occitane ל'אוקסיטן ספא עזריאלי שרונה, תל אביב–יפו, תמונה 7"",""url"":""/media/600af8ab-e652-41c4-842c-a8097324a310""},{""alt"":""L'Occitane ל'אוקסיטן ספא עזריאלי שרונה, תל אביב–יפו, תמונה 8"",""url"":""/media/863c08b1-eab8-4623-b8c9-e6082b8696b4""}]","[{""alt"":""L'Occitane ל'אוקסיטן ספא עזריאלי שרונה, תל אביב-יפו, תמונה 2"",""url"":""/media/db107be2-1e0b-4809-a5a3-e98818abc8e1""},{""alt"":""L'Occitane ל'אוקסיטן ספא עזריאלי שרונה, תל אביב-יפו, תמונה 3"",""url"":""/media/bf755588-8dc9-466e-9fe4-62374bcb4952""},{""alt"":""L'Occitane ל'אוקסיטן ספא עזריאלי שרונה, תל אביב-יפו, תמונה 4"",""url"":""/media/b1c7bf3d-e97d-4350-aa64-91d63d5da1f1""},{""alt"":""L'Occitane ל'אוקסיטן ספא עזריאלי שרונה, תל אביב-יפו, תמונה 5"",""url"":""/media/bde58d9f-b218-4b32-825b-58b64dac8b4e""},{""alt"":""L'Occitane ל'אוקסיטן ספא עזריאלי שרונה, תל אביב-יפו, תמונה 6"",""url"":""/media/43f54d5b-ce1b-4813-96f3-8566f3af6acd""},{""alt"":""L'Occitane ל'אוקסיטן ספא עזריאלי שרונה, תל אביב-יפו, תמונה 7"",""url"":""/media/600af8ab-e652-41c4-842c-a8097324a310""},{""alt"":""L'Occitane ל'אוקסיטן ספא עזריאלי שרונה, תל אביב-יפו, תמונה 8"",""url"":""/media/863c08b1-eab8-4623-b8c9-e6082b8696b4""}]",https://beautyfind.co.il/dan/biz/l-occitane
46e3c405-f43f-4c54-8e69-3405d446ad25,קרנית מלמד - המרכז לטיפולי קוסמטיקה רפואית,address,תל אביב–יפו x1,"מאפו 18, תל אביב–יפו","מאפו 18, תל אביב-יפו",https://beautyfind.co.il/dan/biz/קרנית-מלמד-המרכז-לטיפולי-קוסמטיקה-רפואית
46e3c405-f43f-4c54-8e69-3405d446ad25,קרנית מלמד - המרכז לטיפולי קוסמטיקה רפואית,gallery,תל אביב–יפו x5,"[{""alt"":""קרנית מלמד - המרכז לטיפולי קוסמטיקה רפואית, תל אביב–יפו, תמונה 2"",""url"":""/media/378ccc98-057c-4abe-9328-f1873ba98d67""},{""alt"":""טיפולים פרא רפואיים טיפולי פנים, קרנית מלמד - המרכז לטיפולי קוסמטיקה רפואית"",""url"":""/media/8a1c93c1-41d9-43e8-9a7d-82545468e58c""},{""alt"":""קרנית מלמד - המרכז לטיפולי קוסמטיקה רפואית, תל אביב–יפו, תמונה 4"",""url"":""/media/2fe5aa58-4b3d-4351-9bb8-9f5e2e0e0ad2""},{""alt"":""קרנית מלמד – המרכז לטיפולי קוסמטיקה ואסתטיקה מתקדמים, קרנית מלמד - המרכז לטיפולי קוסמטיקה רפואית"",""url"":""/media/11d8eebd-dc5c-4896-9909-bdeceb57bdbb""},{""alt"":""טיפולים פרא רפואיים, קרנית מלמד - המרכז לטיפולי קוסמטיקה רפואית"",""url"":""/media/b1a55fe1-9c97-4c07-8e15-a143c68153f7""},{""alt"":""קרנית מלמד - המרכז לטיפולי קוסמטיקה רפואית, תל אביב–יפו, תמונה 7"",""url"":""/media/226ccfe2-4285-46f5-a15e-b9cc3544030b""},{""alt"":""קרנית מלמד - המרכז לטיפולי קוסמטיקה רפואית, תל אביב–יפו, תמונה 8"",""url"":""/media/15f5d7d5-5d4f-4319-96fb-dbc52ffb41d9""}]","[{""alt"":""קרנית מלמד - המרכז לטיפולי קוסמטיקה רפואית, תל אביב-יפו, תמונה 2"",""url"":""/media/378ccc98-057c-4abe-9328-f1873ba98d67""},{""alt"":""טיפולים פרא רפואיים טיפולי פנים, קרנית מלמד - המרכז לטיפולי קוסמטיקה רפואית"",""url"":""/media/8a1c93c1-41d9-43e8-9a7d-82545468e58c""},{""alt"":""קרנית מלמד - המרכז לטיפולי קוסמטיקה רפואית, תל אביב-יפו, תמונה 4"",""url"":""/media/2fe5aa58-4b3d-4351-9bb8-9f5e2e0e0ad2""},{""alt"":""קרנית מלמד – המרכז לטיפולי קוסמטיקה ואסתטיקה מתקדמים, קרנית מלמד - המרכז לטיפולי קוסמטיקה רפואית"",""url"":""/media/11d8eebd-dc5c-4896-9909-bdeceb57bdbb""},{""alt"":""טיפולים פרא רפואיים, קרנית מלמד - המרכז לטיפולי קוסמטיקה רפואית"",""url"":""/media/b1a55fe1-9c97-4c07-8e15-a143c68153f7""},{""alt"":""קרנית מלמד - המרכז לטיפולי קוסמטיקה רפואית, תל אביב-יפו, תמונה 7"",""url"":""/media/226ccfe2-4285-46f5-a15e-b9cc3544030b""},{""alt"":""קרנית מלמד - המרכז לטיפולי קוסמטיקה רפואית, תל אביב-יפו, תמונה 8"",""url"":""/media/15f5d7d5-5d4f-4319-96fb-dbc52ffb41d9""}]",https://beautyfind.co.il/dan/biz/קרנית-מלמד-המרכז-לטיפולי-קוסמטיקה-רפואית
7cbf57bc-682f-4799-adb8-f07fcd7faf8c,Lavic Beauty & Advanced Cosmetology,address,תל אביב–יפו x1,"פרופסור יחזקאל קויפמן 2, תל אביב–יפו","פרופסור יחזקאל קויפמן 2, תל אביב-יפו",https://beautyfind.co.il/dan/biz/lavic-beauty-and-advanced-cosmetology
38ba7202-3c4f-4444-a4ee-48c19deb0937,Lily & Nina skin care and nail beauty salon,address,תל אביב–יפו x1,"דיזנגוף 202, תל אביב–יפו","דיזנגוף 202, תל אביב-יפו",https://beautyfind.co.il/dan/biz/lily-and-nina-skin-care-and-nail-beauty-salon
4125d5eb-f414-4c25-b3dd-0e8069a75afa,הסרת נגעי עור | הסרת נקודות חן | הסרת קונדילומה | הסרת שומות | אנגיוקרטומה | קסנטלזמה | נקודות אדומות (המנגיומות) - Medical-C,address,תל אביב–יפו x1,"דרך מנחם בגין 150, תל אביב–יפו","דרך מנחם בגין 150, תל אביב-יפו",https://beautyfind.co.il/dan/biz/medical-c
84289740-1be4-4358-96e3-df00978b0e80,ד״ר יוני דללי - רפואה אסתטית,address,תל אביב–יפו x1,"יצחק שדה 8, מגדל אקרו, תל אביב–יפו","יצחק שדה 8, מגדל אקרו, תל אביב-יפו",https://beautyfind.co.il/dan/biz/דר-יוני-דללי-רפואה-אסתטית
05b89bca-a6d1-406e-946b-44228d4e71dd,Nailtov,address,תל אביב–יפו x1,"יגיע כפיים 2, תל אביב–יפו","יגיע כפיים 2, תל אביב-יפו",https://beautyfind.co.il/dan/biz/nailtov
05b89bca-a6d1-406e-946b-44228d4e71dd,Nailtov,gallery,תל אביב–יפו x7,"[{""alt"":""Nailtov, תל אביב–יפו, תמונה 2"",""url"":""/media/8d2542c1-0fdf-4cc3-bff7-91a68d5ec6ee""},{""alt"":""Nailtov, תל אביב–יפו, תמונה 3"",""url"":""/media/87e25c68-b3a9-4ec5-909f-30501d7ad6d0""},{""alt"":""Nailtov, תל אביב–יפו, תמונה 4"",""url"":""/media/1820ca16-0907-481f-8b3f-2e8082baa9ec""},{""alt"":""Nailtov, תל אביב–יפו, תמונה 5"",""url"":""/media/049b524a-342d-420b-9ada-e95f7653e9e5""},{""alt"":""Nailtov, תל אביב–יפו, תמונה 6"",""url"":""/media/5b98fa50-274c-4d03-8b2c-880e434c8dd3""},{""alt"":""Nailtov, תל אביב–יפו, תמונה 7"",""url"":""/media/ecc7e49b-6292-4653-b9f2-5d8e57c54dde""},{""alt"":""Nailtov, תל אביב–יפו, תמונה 8"",""url"":""/media/d1d146a1-ff06-4edd-a6b3-12290ef27466""}]","[{""alt"":""Nailtov, תל אביב-יפו, תמונה 2"",""url"":""/media/8d2542c1-0fdf-4cc3-bff7-91a68d5ec6ee""},{""alt"":""Nailtov, תל אביב-יפו, תמונה 3"",""url"":""/media/87e25c68-b3a9-4ec5-909f-30501d7ad6d0""},{""alt"":""Nailtov, תל אביב-יפו, תמונה 4"",""url"":""/media/1820ca16-0907-481f-8b3f-2e8082baa9ec""},{""alt"":""Nailtov, תל אביב-יפו, תמונה 5"",""url"":""/media/049b524a-342d-420b-9ada-e95f7653e9e5""},{""alt"":""Nailtov, תל אביב-יפו, תמונה 6"",""url"":""/media/5b98fa50-274c-4d03-8b2c-880e434c8dd3""},{""alt"":""Nailtov, תל אביב-יפו, תמונה 7"",""url"":""/media/ecc7e49b-6292-4653-b9f2-5d8e57c54dde""},{""alt"":""Nailtov, תל אביב-יפו, תמונה 8"",""url"":""/media/d1d146a1-ff06-4edd-a6b3-12290ef27466""}]",https://beautyfind.co.il/dan/biz/nailtov
64b5961c-3884-407b-8737-9b72f855f632,The Beauty Lounge,address,תל אביב–יפו x1,"אבא אחימאיר 19, תל אביב–יפו","אבא אחימאיר 19, תל אביב-יפו",https://beautyfind.co.il/dan/biz/beauty-lounge
33ac1e19-50b8-4836-8854-7c6ea5f0a763,Luck Nail Boutique,address,תל אביב–יפו x1,"דיזנגוף 290, תל אביב–יפו","דיזנגוף 290, תל אביב-יפו",https://beautyfind.co.il/dan/biz/luck-nail-boutique
33ac1e19-50b8-4836-8854-7c6ea5f0a763,Luck Nail Boutique,gallery,תל אביב–יפו x7,"[{""alt"":""Luck Nail Boutique, תל אביב–יפו, תמונה 2"",""url"":""/media/bcc36504-e43d-4ad6-adaa-9573f08ba86d""},{""alt"":""Luck Nail Boutique, תל אביב–יפו, תמונה 3"",""url"":""/media/9c9f57c3-b1a9-441f-aebf-27d5c487b3be""},{""alt"":""Luck Nail Boutique, תל אביב–יפו, תמונה 4"",""url"":""/media/2c44805f-b995-4031-b4d2-189ff7d7e1ca""},{""alt"":""Luck Nail Boutique, תל אביב–יפו, תמונה 5"",""url"":""/media/0c953dcb-8169-41a1-a357-09641be45dfc""},{""alt"":""Luck Nail Boutique, תל אביב–יפו, תמונה 6"",""url"":""/media/0b9d6de9-307b-4abc-9460-ae3e942462f3""},{""alt"":""Luck Nail Boutique, תל אביב–יפו, תמונה 7"",""url"":""/media/e913f12a-1962-4c5d-92b7-5be6c565f83a""},{""alt"":""Luck Nail Boutique, תל אביב–יפו, תמונה 8"",""url"":""/media/2a34486e-91d4-4ed3-a7db-50a19cc820c8""}]","[{""alt"":""Luck Nail Boutique, תל אביב-יפו, תמונה 2"",""url"":""/media/bcc36504-e43d-4ad6-adaa-9573f08ba86d""},{""alt"":""Luck Nail Boutique, תל אביב-יפו, תמונה 3"",""url"":""/media/9c9f57c3-b1a9-441f-aebf-27d5c487b3be""},{""alt"":""Luck Nail Boutique, תל אביב-יפו, תמונה 4"",""url"":""/media/2c44805f-b995-4031-b4d2-189ff7d7e1ca""},{""alt"":""Luck Nail Boutique, תל אביב-יפו, תמונה 5"",""url"":""/media/0c953dcb-8169-41a1-a357-09641be45dfc""},{""alt"":""Luck Nail Boutique, תל אביב-יפו, תמונה 6"",""url"":""/media/0b9d6de9-307b-4abc-9460-ae3e942462f3""},{""alt"":""Luck Nail Boutique, תל אביב-יפו, תמונה 7"",""url"":""/media/e913f12a-1962-4c5d-92b7-5be6c565f83a""},{""alt"":""Luck Nail Boutique, תל אביב-יפו, תמונה 8"",""url"":""/media/2a34486e-91d4-4ed3-a7db-50a19cc820c8""}]",https://beautyfind.co.il/dan/biz/luck-nail-boutique
23ca4a86-1c20-4b51-a8b6-30a5c76f4a95,"ד""ר אכי פרידמן",address,תל אביב–יפו x1,"דרך מנחם בגין 150, קומה 5, תל אביב–יפו","דרך מנחם בגין 150, קומה 5, תל אביב-יפו",https://beautyfind.co.il/dan/biz/דר-אכי-פרידמן
1858d488-6e11-4238-acce-2bb62e302490,הזרקות וחומצה בתל אביב | קליניקה לרפואה אסתטית Théa | ד״ר יובל זינגר,address,תל אביב–יפו x1,"רבינוביץ שפ״ר 1, קומת קרקע, תל אביב–יפו","רבינוביץ שפ״ר 1, קומת קרקע, תל אביב-יפו",https://beautyfind.co.il/dan/biz/thea
1ba63936-05d0-4eb6-922e-17a870f09728,New York Barbershop TlV,address,תל אביב–יפו x1,"בן יהודה 138, תל אביב–יפו","בן יהודה 138, תל אביב-יפו",https://beautyfind.co.il/dan/biz/new-york-barbershop-tlv
1ba63936-05d0-4eb6-922e-17a870f09728,New York Barbershop TlV,gallery,תל אביב–יפו x7,"[{""alt"":""New York Barbershop TlV, תל אביב–יפו, תמונה 2"",""url"":""/media/4a79f18d-68ac-4b9d-9bf3-4bb28aab3eea""},{""alt"":""New York Barbershop TlV, תל אביב–יפו, תמונה 3"",""url"":""/media/8ec5b895-d075-47cf-8dbe-e6d2279417d5""},{""alt"":""New York Barbershop TlV, תל אביב–יפו, תמונה 4"",""url"":""/media/7eb92119-59b9-49f6-b85f-41124f056872""},{""alt"":""New York Barbershop TlV, תל אביב–יפו, תמונה 5"",""url"":""/media/c369baa8-3c7d-4e88-94c9-bb088c8b7cb0""},{""alt"":""New York Barbershop TlV, תל אביב–יפו, תמונה 6"",""url"":""/media/8a61c054-2986-4ea4-9416-94f08a115f6b""},{""alt"":""New York Barbershop TlV, תל אביב–יפו, תמונה 7"",""url"":""/media/9ff0f521-dd64-4c27-9d22-5e82ff582527""},{""alt"":""New York Barbershop TlV, תל אביב–יפו, תמונה 8"",""url"":""/media/be72a66b-9df0-4092-8c36-f2bba97cc331""}]","[{""alt"":""New York Barbershop TlV, תל אביב-יפו, תמונה 2"",""url"":""/media/4a79f18d-68ac-4b9d-9bf3-4bb28aab3eea""},{""alt"":""New York Barbershop TlV, תל אביב-יפו, תמונה 3"",""url"":""/media/8ec5b895-d075-47cf-8dbe-e6d2279417d5""},{""alt"":""New York Barbershop TlV, תל אביב-יפו, תמונה 4"",""url"":""/media/7eb92119-59b9-49f6-b85f-41124f056872""},{""alt"":""New York Barbershop TlV, תל אביב-יפו, תמונה 5"",""url"":""/media/c369baa8-3c7d-4e88-94c9-bb088c8b7cb0""},{""alt"":""New York Barbershop TlV, תל אביב-יפו, תמונה 6"",""url"":""/media/8a61c054-2986-4ea4-9416-94f08a115f6b""},{""alt"":""New York Barbershop TlV, תל אביב-יפו, תמונה 7"",""url"":""/media/9ff0f521-dd64-4c27-9d22-5e82ff582527""},{""alt"":""New York Barbershop TlV, תל אביב-יפו, תמונה 8"",""url"":""/media/be72a66b-9df0-4092-8c36-f2bba97cc331""}]",https://beautyfind.co.il/dan/biz/new-york-barbershop-tlv
c97ce44a-ce4d-412a-adeb-44258f3ca251,Or medical cosmetic treatments,address,תל אביב–יפו x1,"דיזנגוף 50, תל אביב–יפו","דיזנגוף 50, תל אביב-יפו",https://beautyfind.co.il/dan/biz/or-medical-cosmetic-treatments
d28ebe09-451a-4ae9-ad6c-da08984ceae1,חד וחלק Pini Eliya,address,תל אביב–יפו x1,"שלמה אבן גבירול 21, תל אביב–יפו","שלמה אבן גבירול 21, תל אביב-יפו",https://beautyfind.co.il/dan/biz/pini-eliya
2bfb8414-092f-460d-86f5-6e60f0a007ba,ZOI Med Aesthetics - מרפאת זוי,address,תל אביב–יפו x1,"הארבעה 28 מגדל צפוני, קומה 1, תל אביב–יפו","הארבעה 28 מגדל צפוני, קומה 1, תל אביב-יפו",https://beautyfind.co.il/dan/biz/zoi-med-aesthetics
b34e54bc-33f3-4d27-8ae0-3ab122dc7895,"כירורגיה פלסטית ואסתטית | ד""ר אייל שפירא",address,תל אביב–יפו x1,"הברזל 38, קומה 2, תל אביב–יפו","הברזל 38, קומה 2, תל אביב-יפו",https://beautyfind.co.il/dan/biz/כירורגיה-פלסטית-ואסתטית-דר-אייל-שפירא
5583a955-dc96-4c3b-9d44-3a7500bf06ba,"ד""ר אלי כלב - רפואה אסתטית ללא ניתוח",address,תל אביב–יפו x1,"ריינס 18, תל אביב–יפו","ריינס 18, תל אביב-יפו",https://beautyfind.co.il/dan/biz/דר-אלי-כלב-רפואה-אסתטית-ללא-ניתוח
9d70917d-d54a-45f9-b71f-1531509ecf2b,emi lee beauty salon – Nail & Beauty Tel Aviv,address,תל אביב–יפו x1,"פרוג 18, תל אביב–יפו","פרוג 18, תל אביב-יפו",https://beautyfind.co.il/dan/biz/emi-lee-beauty-salon-nail-and-beauty-tel-aviv
9d70917d-d54a-45f9-b71f-1531509ecf2b,emi lee beauty salon – Nail & Beauty Tel Aviv,gallery,תל אביב–יפו x14,"[{""alt"":""emi lee beauty salon – Nail & Beauty Tel Aviv, תל אביב–יפו, תמונה 2"",""url"":""/media/ac95a647-d526-402e-b6e6-57801251d851""},{""alt"":""emi lee beauty salon – Nail & Beauty Tel Aviv, תל אביב–יפו, תמונה 3"",""url"":""/media/e93e9fb2-4dc0-43c5-a350-f8b76b78f8d8""},{""alt"":""emi lee beauty salon – Nail & Beauty Tel Aviv, תל אביב–יפו, תמונה 4"",""url"":""/media/e9c8c623-6c6f-48d7-8cd4-0e374929ad67""},{""alt"":""emi lee beauty salon – Nail & Beauty Tel Aviv, תל אביב–יפו, תמונה 5"",""url"":""/media/cd73dd37-0d2b-4cc5-9d30-b3850d98578b""},{""alt"":""emi lee beauty salon – Nail & Beauty Tel Aviv, תל אביב–יפו, תמונה 6"",""url"":""/media/a96ac8fa-73b1-4b44-907f-d158cd917304""},{""alt"":""emi lee beauty salon – Nail & Beauty Tel Aviv, תל אביב–יפו, תמונה 7"",""url"":""/media/2a1e342b-d8d7-4139-a3b7-c885e94eb949""},{""alt"":""emi lee beauty salon – Nail & Beauty Tel Aviv, תל אביב–יפו, תמונה 8"",""url"":""/media/84cb8c1c-1b0f-428b-b0d1-fb3ee0835e93""}]","[{""alt"":""emi lee beauty salon – Nail & Beauty Tel Aviv, תל אביב-יפו, תמונה 2"",""url"":""/media/ac95a647-d526-402e-b6e6-57801251d851""},{""alt"":""emi lee beauty salon – Nail & Beauty Tel Aviv, תל אביב-יפו, תמונה 3"",""url"":""/media/e93e9fb2-4dc0-43c5-a350-f8b76b78f8d8""},{""alt"":""emi lee beauty salon – Nail & Beauty Tel Aviv, תל אביב-יפו, תמונה 4"",""url"":""/media/e9c8c623-6c6f-48d7-8cd4-0e374929ad67""},{""alt"":""emi lee beauty salon – Nail & Beauty Tel Aviv, תל אביב-יפו, תמונה 5"",""url"":""/media/cd73dd37-0d2b-4cc5-9d30-b3850d98578b""},{""alt"":""emi lee beauty salon – Nail & Beauty Tel Aviv, תל אביב-יפו, תמונה 6"",""url"":""/media/a96ac8fa-73b1-4b44-907f-d158cd917304""},{""alt"":""emi lee beauty salon – Nail & Beauty Tel Aviv, תל אביב-יפו, תמונה 7"",""url"":""/media/2a1e342b-d8d7-4139-a3b7-c885e94eb949""},{""alt"":""emi lee beauty salon – Nail & Beauty Tel Aviv, תל אביב-יפו, תמונה 8"",""url"":""/media/84cb8c1c-1b0f-428b-b0d1-fb3ee0835e93""}]",https://beautyfind.co.il/dan/biz/emi-lee-beauty-salon-nail-and-beauty-tel-aviv
38f43de7-2cc4-47ed-8683-9f8031c3eb42,yullia Yirmeyahu,address,תל אביב–יפו x1,"בן יהודה, תל אביב–יפו","בן יהודה, תל אביב-יפו",https://beautyfind.co.il/dan/biz/yullia-yirmeyahu
325eefa4-9a5e-4b94-ac44-43a7ef3ab21e,Express Spray Tan in Tel Aviv and Lash Extensions שיזוף בהתזה בתל אביב,address,תל אביב–יפו x1,"דיזנגוף 218, תל אביב–יפו","דיזנגוף 218, תל אביב-יפו",https://beautyfind.co.il/dan/biz/express-spray-tan-in-tel-aviv-and-lash-extensions
325eefa4-9a5e-4b94-ac44-43a7ef3ab21e,Express Spray Tan in Tel Aviv and Lash Extensions שיזוף בהתזה בתל אביב,gallery,תל אביב–יפו x7,"[{""alt"":""Express Spray Tan in Tel Aviv and Lash Extensions שיזוף בהתזה בתל אביב, תל אביב–יפו, תמונה 2"",""url"":""/media/dae9de24-fedb-42a5-8b61-a130c72b34e8""},{""alt"":""Express Spray Tan in Tel Aviv and Lash Extensions שיזוף בהתזה בתל אביב, תל אביב–יפו, תמונה 3"",""url"":""/media/3f790da2-e79e-4bec-8993-958e313ce0a4""},{""alt"":""Express Spray Tan in Tel Aviv and Lash Extensions שיזוף בהתזה בתל אביב, תל אביב–יפו, תמונה 4"",""url"":""/media/f230ccd1-d8c6-46b0-81c5-cd29754726d6""},{""alt"":""Express Spray Tan in Tel Aviv and Lash Extensions שיזוף בהתזה בתל אביב, תל אביב–יפו, תמונה 5"",""url"":""/media/e7474791-3d04-49ca-9378-c67e3aea6c30""},{""alt"":""Express Spray Tan in Tel Aviv and Lash Extensions שיזוף בהתזה בתל אביב, תל אביב–יפו, תמונה 6"",""url"":""/media/ab3514e4-f76c-4f3b-84a6-0fb4f65a0d9c""},{""alt"":""Express Spray Tan in Tel Aviv and Lash Extensions שיזוף בהתזה בתל אביב, תל אביב–יפו, תמונה 7"",""url"":""/media/1d6945eb-06d7-43db-b79f-cf7fda6d6bbc""},{""alt"":""Express Spray Tan in Tel Aviv and Lash Extensions שיזוף בהתזה בתל אביב, תל אביב–יפו, תמונה 8"",""url"":""/media/19787923-ae44-4512-824a-06efe3075e3e""}]","[{""alt"":""Express Spray Tan in Tel Aviv and Lash Extensions שיזוף בהתזה בתל אביב, תל אביב-יפו, תמונה 2"",""url"":""/media/dae9de24-fedb-42a5-8b61-a130c72b34e8""},{""alt"":""Express Spray Tan in Tel Aviv and Lash Extensions שיזוף בהתזה בתל אביב, תל אביב-יפו, תמונה 3"",""url"":""/media/3f790da2-e79e-4bec-8993-958e313ce0a4""},{""alt"":""Express Spray Tan in Tel Aviv and Lash Extensions שיזוף בהתזה בתל אביב, תל אביב-יפו, תמונה 4"",""url"":""/media/f230ccd1-d8c6-46b0-81c5-cd29754726d6""},{""alt"":""Express Spray Tan in Tel Aviv and Lash Extensions שיזוף בהתזה בתל אביב, תל אביב-יפו, תמונה 5"",""url"":""/media/e7474791-3d04-49ca-9378-c67e3aea6c30""},{""alt"":""Express Spray Tan in Tel Aviv and Lash Extensions שיזוף בהתזה בתל אביב, תל אביב-יפו, תמונה 6"",""url"":""/media/ab3514e4-f76c-4f3b-84a6-0fb4f65a0d9c""},{""alt"":""Express Spray Tan in Tel Aviv and Lash Extensions שיזוף בהתזה בתל אביב, תל אביב-יפו, תמונה 7"",""url"":""/media/1d6945eb-06d7-43db-b79f-cf7fda6d6bbc""},{""alt"":""Express Spray Tan in Tel Aviv and Lash Extensions שיזוף בהתזה בתל אביב, תל אביב-יפו, תמונה 8"",""url"":""/media/19787923-ae44-4512-824a-06efe3075e3e""}]",https://beautyfind.co.il/dan/biz/express-spray-tan-in-tel-aviv-and-lash-extensions
2b6edc19-53a1-4177-af5f-f621c4fd05a3,"רופא שיניים בתל אביב - מרפאת לובנדנט בע""מ",address,תל אביב–יפו x1,"יגאל אלון 65, תל אביב–יפו","יגאל אלון 65, תל אביב-יפו",https://beautyfind.co.il/dan/biz/רופא-שיניים-בתל-אביב-מרפאת-לובנדנט-בעמ
d5053444-6048-4dec-aa56-9a87c52467ac,Aesthetic Dentistry - ד''ר אילן הכט,address,תל אביב–יפו x1,"חיים הזז 16, תל אביב–יפו","חיים הזז 16, תל אביב-יפו",https://beautyfind.co.il/dan/biz/aesthetic-dentistry
ab1d8481-8948-4cac-8955-7bd1c4e630f1,yullia Tzahala - מומחים בהסרת שיער בלייזר | הזרקות | טיפול פנים | מניקור | פדיקור רפואי,address,תל אביב–יפו x1,תל אביב–יפו,תל אביב-יפו,https://beautyfind.co.il/dan/biz/yullia-tzahala
8dff0752-72ef-4f8e-8b12-13fd11e2d96e,Love is in the Hair By Ram Solan,address,תל אביב–יפו x1,"דיזנגוף 46, תל אביב–יפו","דיזנגוף 46, תל אביב-יפו",https://beautyfind.co.il/dan/biz/love-is-in-hair-by-ram-solan
8dff0752-72ef-4f8e-8b12-13fd11e2d96e,Love is in the Hair By Ram Solan,gallery,תל אביב–יפו x7,"[{""alt"":""Love is in the Hair By Ram Solan, תל אביב–יפו, תמונה 2"",""url"":""/media/a07aabda-bb4e-4d64-9ede-01513c5091cc""},{""alt"":""Love is in the Hair By Ram Solan, תל אביב–יפו, תמונה 3"",""url"":""/media/77c0128a-9c66-4be2-a0a7-21139910bc09""},{""alt"":""Love is in the Hair By Ram Solan, תל אביב–יפו, תמונה 4"",""url"":""/media/3265e526-3d76-4af9-ac21-5bb6736204ab""},{""alt"":""Love is in the Hair By Ram Solan, תל אביב–יפו, תמונה 5"",""url"":""/media/e6fc80b1-b721-465a-a18d-8dbbb64ed387""},{""alt"":""Love is in the Hair By Ram Solan, תל אביב–יפו, תמונה 6"",""url"":""/media/81e77a31-d951-4b95-b5e4-abe806a81ad1""},{""alt"":""Love is in the Hair By Ram Solan, תל אביב–יפו, תמונה 7"",""url"":""/media/e8b91e9d-0a72-418e-9b07-fff8e296fcc5""},{""alt"":""Love is in the Hair By Ram Solan, תל אביב–יפו, תמונה 8"",""url"":""/media/e4eb0cbc-ad41-4eda-9091-84187a816802""}]","[{""alt"":""Love is in the Hair By Ram Solan, תל אביב-יפו, תמונה 2"",""url"":""/media/a07aabda-bb4e-4d64-9ede-01513c5091cc""},{""alt"":""Love is in the Hair By Ram Solan, תל אביב-יפו, תמונה 3"",""url"":""/media/77c0128a-9c66-4be2-a0a7-21139910bc09""},{""alt"":""Love is in the Hair By Ram Solan, תל אביב-יפו, תמונה 4"",""url"":""/media/3265e526-3d76-4af9-ac21-5bb6736204ab""},{""alt"":""Love is in the Hair By Ram Solan, תל אביב-יפו, תמונה 5"",""url"":""/media/e6fc80b1-b721-465a-a18d-8dbbb64ed387""},{""alt"":""Love is in the Hair By Ram Solan, תל אביב-יפו, תמונה 6"",""url"":""/media/81e77a31-d951-4b95-b5e4-abe806a81ad1""},{""alt"":""Love is in the Hair By Ram Solan, תל אביב-יפו, תמונה 7"",""url"":""/media/e8b91e9d-0a72-418e-9b07-fff8e296fcc5""},{""alt"":""Love is in the Hair By Ram Solan, תל אביב-יפו, תמונה 8"",""url"":""/media/e4eb0cbc-ad41-4eda-9091-84187a816802""}]",https://beautyfind.co.il/dan/biz/love-is-in-hair-by-ram-solan
596ba9f5-fd64-4973-a164-a5c73ca72f1c,Shooshka,address,תל אביב–יפו x1,"אחד העם 79, תל אביב–יפו","אחד העם 79, תל אביב-יפו",https://beautyfind.co.il/dan/biz/shooshka
