branch_id,name,city,claimed,place_id,address_before,address_after,source,postal_code,google_formatted,action,problems_after,public_url
c1875478-0e78-44b7-9e89-5dae2de8a08b,מרטין קליניק,אשדוד,no,ChIJkedHdRGjAhURpluKmqjDBvA,"K-Tower שדרות ירושלים 18 אשדוד, ים, 7752311","ים, אשדוד",dictionary,,"K-Tower שדרות ירושלים 18 אשדוד, ים, 7752311",apply,,https://beautyfind.co.il/south/biz/מרטין-קליניק
d058bd6d-ae57-4b8f-bf56-768e7e1e4e3a,מרפאת נרקיסיה,אשדוד,no,ChIJYS6F1D-0AhURtZ0hkj0azbQ,"גן העיר, Ha-Gdud ha-Ivri St 5, Ashdod, 7745511","גן העיר, אשדוד",dictionary,,"גן העיר, Ha-Gdud ha-Ivri St 5, Ashdod, 7745511",apply,,https://beautyfind.co.il/south/biz/מרפאת-נרקיסיה
5a348272-cf6d-4ca8-b206-4b94ba39b16d,iStudio-Ashdod,אשדוד,no,ChIJ23occBWjAhURHtENMgHXzho,"Ha'Atzma'ut 87, Ashdod","רחוב העצמאות 87, אשדוד",dictionary,,"Ha'Atzma'ut 87, Ashdod",apply,,https://beautyfind.co.il/south/biz/istudio-ashdod
88edd5ff-6483-4257-90d1-84b4bffb7362,Sarah beauty,אשדוד,no,ChIJn5bBSrajAhURVQKbWkzU7vQ,"87 haatsmaout, Ashdod, 7777700",אשדוד,city_only,,אשדוד,apply,,https://beautyfind.co.il/south/biz/sarah-beauty
81624ed6-db4f-45d6-a44c-70d5d769d130,Студия Красоты Veranda,אשדוד,no,ChIJnYM2MyCjAhUR12RzgfkHIEQ,"QJFW+F45, Ashdod, 7748415",אשדוד,city_only,,"QJFW+F45, אשדוד, 7748415",apply,,https://beautyfind.co.il/south/biz/veranda
a57a1329-5ad6-4d1f-9e1e-9b61c67e490b,ביוטי שופ,בני ברק,no,ChIJB1UoeepLHRUR1cQ2cOGgJNE,"Rashi Street 7, Menakhem Yitskhak St 2, Ramat Gan",בני ברק,city_only,,"Rashi Street 7, Menakhem Yitskhak St 2, Ramat Gan",apply,,https://beautyfind.co.il/dan/biz/ביוטי-שופ
f4498f47-9e11-4acc-8c1e-ec0263c29d39,Queens Clinic,בני ברק,no,ChIJ6Qnzq1JTHBURWwS_WIlb_YM,"מגדל הכשרת היישוב זאב, Jabotinsky St 9, Bnei Brak, 5126417","מגדל הכשרת היישוב זאב, מגדל הכשרת היישוב זאב, בני ברק",dictionary,,"מגדל הכשרת היישוב זאב, Jabotinsky St 9, Bnei Brak, 5126417",apply,,https://beautyfind.co.il/dan/biz/queens-clinic
9c7c2244-996d-45b2-88a2-9160cd872e80,ד״ר מנאר קעואר - מומחה בכירורגיה פלסטית ואסתטית,חיפה,no,ChIJVykgnsu7HRURJLpm4cElZ-I,"שד׳ בן גוריון 6, קניון סיטי סנטר, קומה 7, Haifa","שד׳ בן גוריון 6, קניון סיטי סנטר, קומה 7, קניון סיטי סנטר, קומה 7, חיפה",dictionary,,"שד׳ בן גוריון 6, קניון סיטי סנטר, קומה 7, חיפה",apply,,https://beautyfind.co.il/haifa/biz/דר-מנאר-קעואר-מומחה-בכירורגיה-פלסטית-ואסתטית
257b1b1b-43a7-4835-b55c-636b2a47c5fb,כללית אסתטיקה חיפה,חיפה,no,ChIJXQXjMfe6HRURt27g6aKYbXY,"גרנד קניון, דרך שמחה גולן 54 קומה 4-, צמוד למתחם הולמס פלייס, Haifa","גרנד קניון, דרך שמחה גולן 54 קומה 4-, צמוד למתחם הולמס פלייס, גרנד קניון, דרך שמחה גולן 54 קומה 4-, חיפה",dictionary,,"גרנד קניון, דרך שמחה גולן 54 קומה 4-, צמוד למתחם הולמס פלייס, חיפה",apply,,https://beautyfind.co.il/haifa/biz/כללית-אסתטיקה-חיפה
52bda819-5706-4dcb-b46a-0f844c079068,לירון רום - קליניקה לעיצוב גבות,חיפה,no,ChIJB-sOvQAf2osRIWvyUqurIv0,Haifa,"רחוב חיפה, חיפה",dictionary,,חיפה,apply,,https://beautyfind.co.il/haifa/biz/לירון-רום-קליניקה-לעיצוב-גבות
f50febde-d165-41a3-8ef3-c18ad6c44533,AdiandLucia Salon,חיפה,no,ChIJ9bkLnDG7HRURpwew0zXGXGA,"Ha-Namal St 35, קומה 2, Haifa, 33031","קומה 2, קומה 2, חיפה",dictionary,,"Ha-Namal St 35, קומה 2, Haifa, 33031",apply,,https://beautyfind.co.il/haifa/biz/adiandlucia-salon
72e5db6d-cb5a-4726-80bc-cad512c4361d,Cosmetology One,חיפה,no,ChIJMZlE9QQiya8RhZRit1V85xg,"جادة موريا 100, Haifa","רחוב חיפה, חיפה",dictionary,,جادة موريا 100، حيفا,apply,,https://beautyfind.co.il/haifa/biz/cosmetology-one
c8355290-2cb6-419c-87ac-2a57570a2d58,Dr. Thaer Clinic - Alchemy 22,חיפה,no,ChIJWavJSCO7HRURGWm6InyPAp0,"Ha-Namal St 8, Haifa, 33031",חיפה,city_only,,"Prime By BST, Menachem Ariav 2, נוף הגליל, 1767302",apply,,https://beautyfind.co.il/haifa/biz/dr-thaer-clinic-alchemy-22
1d18490e-4666-4f18-be9f-0c21ca22977c,Ehud Elbaz Beauty Salon מספרה בחיפה אהוד אלבז,חיפה,no,ChIJT3YlO1S6HRURvYgMDm46V-Q,"חנה סנש 45, Haifa, 3385407","חנה סנש 45, חיפה",dictionary,,"חנה סנש 45, חיפה, 3385407",apply,,https://beautyfind.co.il/haifa/biz/ehud-elbaz-beauty-salon
eec6e8c2-c64c-4f62-972a-b62bbdcd2d18,Julia Elkin FaceMassage,חיפה,no,ChIJ_SEY9xO7HRUR-Z3hGTGFRIw,"Itzhak Elhanan 3, Haifa",חיפה,city_only,,"Itzhak Elhanan 3, Haifa",apply,,https://beautyfind.co.il/haifa/biz/julia-elkin-facemassage
752f7ed8-64d5-4ddc-969b-63849c18b5d6,Liya Hanukaev - ליה חנוכייב קוסמטיקאית בכירה,חיפה,no,ChIJLf3pfWW7HRURzAhckwu1D_I,"Haifa, 3584912","רחוב חיפה, חיפה",dictionary,,"חיפה, 3584912",apply,,https://beautyfind.co.il/haifa/biz/liya-hanukaev
0e024116-fe75-449e-ba10-63b38958aa95,Pelle Medical Cosmetics,חיפה,no,ChIJN1Xp4r27HRURuDfI77gXsYg,"Tchernikhovsky St 37 (Starko building, Haifa",חיפה,city_only,,"Tchernikhovsky St 37 (Starko building, Haifa",apply,,https://beautyfind.co.il/haifa/biz/pelle-medical-cosmetics
7f01f930-97a5-4bc9-a4ec-bac6e01cb8f0,Premium Beauty,חיפה,no,ChIJfxhhb6m7HRURJh2yIXLokho,"Derech Jaffa 102, Haifa, 3541403","דרך יפו 102, חיפה",dictionary,,"Derech Jaffa 102, Haifa, 3541403",apply,,https://beautyfind.co.il/haifa/biz/premium-beauty
eb9c31cc-753f-4299-8d3f-2e0ab9efdf83,Sacara,חיפה,no,ChIJddCHS7ewHRURlJtVITq8WdA,Haifa,"רחוב חיפה, חיפה",dictionary,,חיפה,apply,,https://beautyfind.co.il/haifa/biz/sacara
88e75f55-627d-4d56-8562-d31e9dab09a3,Studio French (nail and cosmetic) סטודיו פרנץ- סלון ציפורניים בחיפה,חיפה,no,ChIJST3oWUy6HRURbHxA5MMR9qg,"str. Balfour 2, Haifa",חיפה,city_only,,"str. Balfour 2, חיפה",apply,,https://beautyfind.co.il/haifa/biz/studio-french-nail-and-cosmetic
3116d5c1-3b70-4309-9c55-abd9158a0e21,Yana Naumov Lash & Brow Studio,חיפה,no,ChIJfQLEipW7HRUR8tqUe0eIhe8,"Tzorfat Rd 15, Haifa",חיפה,city_only,,"דרך צרפת 33, Rodin St 2, Haifa",apply,,https://beautyfind.co.il/haifa/biz/yana-naumov-lash-and-brow-studio
ceff57e5-7bf9-4e4c-a1d2-762c2dc686f8,Eden Cosmetics,טירת כרמל,no,ChIJp41JnxylHRURur8f0TNudU8,"Yud Alef ha-Sporta'im St 4, Tirat Carmel, 30200",טירת כרמל,city_only,,,apply,,https://beautyfind.co.il/haifa/biz/eden-cosmetics
78bbf114-2d47-46a7-9bba-4252fbb2fb86,הילה חדאד - מאפרת כלות וערב | Hila Hadad - Bridal makeup and events,ירושלים,no,ChIJyVmJNTUrAxURdffFPi6pfEg,"מאיר בלבן 606, Jerusalem","מאיר בלבן 606, ירושלים",dictionary,,"מאיר בלבן 606, ירושלים",apply,,https://beautyfind.co.il/jerusalem/biz/hila-hadad-bridal-makeup-and-events
93990464-2803-4326-a2bb-0d46526ccfda,מאק מלחה ירושלים,ירושלים,no,ChIJyQfXgY7XAhURHOtdUVIt8bo,"Malcha Shopping Mall, Agudat St 1, Jerusalem, 9695989",ירושלים,city_only,,"קניון עזריאלי מלחה, Agudat St 1, ירושלים, 9695989",apply,,https://beautyfind.co.il/jerusalem/biz/מאק-מלחה-ירושלים
7a8f02e4-85f2-4b41-88a9-f460590fa13e,מוטי מספרה,ירושלים,no,ChIJpxZebTzYAhUR6tMmCudhlxc,"צביה ויצחק 800, מרכז מסחרי גילה, Jerusalem","צביה ויצחק 800, מרכז מסחרי גילה, מרכז מסחרי גילה, ירושלים",dictionary,,"צביה ויצחק 800, מרכז מסחרי גילה, ירושלים",apply,,https://beautyfind.co.il/jerusalem/biz/מוטי-מספרה
affa852f-897f-4aff-91e0-54db4aa95930,Aesthetic-beauty complex,ירושלים,no,ChIJLwIHCtcpAxUR0g6MNpg3_Jo,"ג'ורג, King George St 3, Jerusalem","ג'ורג, ירושלים",dictionary,,"ג'ורג, King George St 3, Jerusalem",apply,,https://beautyfind.co.il/jerusalem/biz/aesthetic-beauty-complex
4d762de1-9a81-4671-bffb-f9b1967c5ca4,ALMA Wellness & Beauty || עלמה טיפוח ויופי,ירושלים,no,ChIJn11rOlspAxURiEHVVYwx-pA,"Ben Yehuda St 34, floor 6, suite #609, Jerusalem","רחוב בן יהודה 34, קומה 6, ירושלים",dictionary,,"Ben Yehuda St 34, floor 6, suite #609, Jerusalem",apply,,https://beautyfind.co.il/jerusalem/biz/alma-wellness-and-beauty
de64b0a4-2b73-44bf-88f8-335e5b51a6e3,Shlomi Sun,ירושלים,no,ChIJz9ewaocrAxURBcsZRVqMRL4,"משה דיין 166, Jerusalem","משה דיין 166, ירושלים",dictionary,,"משה דיין 166, ירושלים",apply,,https://beautyfind.co.il/jerusalem/biz/shlomi-sun
e8e9fa1b-b279-4e8d-b990-f14eb6e652fd,Spa Barak,ירושלים,no,ChIJVVVFhszXAhURCAfG3d9XatY,"מלון וורט, Jerusalem","מלון וורט, ירושלים",dictionary,,"מלון וורט, ירושלים",apply,,https://beautyfind.co.il/jerusalem/biz/spa-barak
c68541b2-741c-41d7-b6df-8930807aeded,נייל בר מכון יופי • קניון הראל מבשרת ציון,מבשרת ציון,no,ChIJ4fWXn-DWAhURQT26BHW4SK4,"Har'el St 1, Mevaseret Zion",מבשרת ציון,city_only,,,apply,,https://beautyfind.co.il/jerusalem/biz/נייל-בר-מכון-יופי-קניון-הראל-מבשרת-ציון
b4d58d2b-ce08-4bf2-8047-a4fcfa856522,ליאת לב אסתטיקה,מעלה אדומים,no,ChIJBcLZZuMpAxURDI8Sj0QTzGI,"Avnei ha-Khoshen St 8, Ma'ale Adumim",מעלה אדומים,city_only,,,apply,,https://beautyfind.co.il/jerusalem/biz/ליאת-לב-אסתטיקה
91a1118d-d90b-40a9-94fc-7b0c3c36fe11,"סגול - מרפאת שיניים לילדים ומבוגרים, טיפולים פרטיים",מעלה אדומים,no,ChIJ8Wl8zEspAxUR4abSwUUJyhQ,"דרך קדם 5, Ma'ale Adumim","דרך קדם 5, מעלה אדומים",dictionary,,,apply,,https://beautyfind.co.il/jerusalem/biz/סגול-מרפאת-שיניים-לילדים-ומבוגרים-טיפולים-פרטיים
e3b8f590-db0a-4263-ae6b-206613f31dff,סלון יופי נהריה,נהריה,no,ChIJ3d2fokSzAhURnzR4vx1Eh-Q,"Shaked street 12, Nahariyya, 2246004",נהריה,city_only,,"Shaked street 12, Nahariyya, 2246004",apply,,https://beautyfind.co.il/north/biz/סלון-יופי-נהריה
388a5b73-0aed-4fea-9b38-a28b0b4b0aaa,Glamur G_B,נהריה,no,ChIJXe2Lb7nPHRURcLaY1wD5ZoQ,"ליד שוק פייסל אחרי הקשת, Mazra'a, 2208700","ליד שוק פייסל אחרי הקשת, נהריה",dictionary,,"ליד שוק פייסל אחרי הקשת, מזרעה, 2208700",apply,,https://beautyfind.co.il/north/biz/glamur-g-b
749c9b92-04c4-4187-9846-724ac681c48f,סיל לייזר,נס ציונה,no,ChIJ087jeXa3AhURFqiwMKlUVA8,"HaBanim St 89, Ness Ziona","רחוב הבנים 89, נס ציונה",dictionary,,,apply,,https://beautyfind.co.il/shfela/biz/סיל-לייזר
79a3e972-7790-409b-b609-74c024ac2458,L.A Aesthetics - קליניקה מתקדמת לרפואה אסתטית ד״ר עמית ליבוביץ׳,נס ציונה,no,ChIJJzYAYue3AhURJgSLBL4TpS4,"קמפוס יובלים, פרופסור אברהם פצ'ורניק 4, Ness Ziona","קמפוס יובלים, פרופסור אברהם פצ'ורניק 4, נס ציונה",dictionary,,,apply,,https://beautyfind.co.il/shfela/biz/l-aesthetics
94e895c7-7082-4699-ab4a-bbe8c646ab31,Tom Goldin MEN Salon@Beauty -טום גולדין,נס ציונה,no,ChIJoYgMzaS3AhURoBGYuPHix-s,"שביט 8, Ness Ziona, 7474740","שביט 8, נס ציונה",dictionary,,,apply,,https://beautyfind.co.il/shfela/biz/tom-goldin-men-salon-beauty
76f28672-2592-480c-8496-60b0ab6f64c1,אסנקה איפור מקצועי,נתניה,no,ChIJW5gm-khBHRURcGgUsTNM5BU,Netanya,נתניה,city_only,,נתניה,apply,,https://beautyfind.co.il/sharon/biz/אסנקה-איפור-מקצועי
7e5decc5-64a4-44b3-8f84-6c0495dff36c,דוקטור זייגר טטיאנה מילוי והעלמת קמטים בפנים,נתניה,no,ChIJjftBZzRBHRURJnVl3hAq0vc,"קניון אגמים אגם כינרת מספר 6, קומה 3, Netanya, 4272111","קניון אגמים אגם כינרת מספר 6, קומה 3, קניון אגמים אגם כינרת מספר 6, קומה 3, נתניה",dictionary,,"קניון אגמים אגם כינרת מספר 6, קומה 3, נתניה, 4272111",apply,,https://beautyfind.co.il/sharon/biz/דוקטור-זייגר-טטיאנה-מילוי-והעלמת-קמטים-בפנים
607eba4e-0098-46eb-a61a-638863abb41e,קטי מולגן - מעצבת שיער Ketty Molgan- Hair design,נתניה,no,ChIJW1ln-QdrHRURrrk4Rc5dkC4,"Смилянски26, Netanya",נתניה,city_only,,"Смилянски26, Netanya",apply,,https://beautyfind.co.il/sharon/biz/ketty-molgan-hair-design
281a5c15-fb90-4d75-b3a2-df0133abcf65,Dr.Sergey Goykhman Dentist רופא שיניים Стоматолог,נתניה,no,ChIJrxQB1YJrHRURGntQrzV2pHk,"Штампфер 9, Netanya",נתניה,city_only,,"Штампфер 9, Netanya",apply,,https://beautyfind.co.il/sharon/biz/dr-sergey-goykhman-dentist
ab08e541-6728-4a61-913f-28591b36c478,Lilia Stern - Beauty & Youth - ליליה שטרן,נתניה,no,ChIJ26KkvnJIHRURv03CPTXOTzY,"Nitza Street 8, Netanya, 4226238",נתניה,city_only,,"Nitza Street 8, נתניה, 4226238",apply,,https://beautyfind.co.il/sharon/biz/lilia-stern-beauty-and-youth
4ce7564b-7c3c-4c2c-b98a-4286a0bbce5a,Natalia Shatilo skin expert,נתניה,no,ChIJGZQSL5U_HRURu_q_e1l_ObI,"Том Лантос 8, Netanya",נתניה,city_only,,"Том Лантос 8, Netanya",apply,,https://beautyfind.co.il/sharon/biz/natalia-shatilo-skin-expert
967b8586-24d7-4a46-b2da-1056eb29d79a,ODYNOKA dental clinic,נתניה,no,ChIJI46wAlxrHRURW3C3jlD-oOQ,"Sderot Hayim Weizman 24, floor 4, office 43, Netanya",נתניה,city_only,,"Sderot Hayim Weizman 24, floor 4, office 43, Netanya",apply,,https://beautyfind.co.il/sharon/biz/odynoka-dental-clinic
19542817-715f-4c6a-a5e4-54fb8550750d,Olga Finkell,נתניה,no,ChIJpYk-poRrHRURyS2ys5Qvacc,"Ha-Note'a St 3, floor 2, Ha-Note'a St 3, קומה 2, Netanya, 4229105","קומה 2, קומה 2, נתניה",dictionary,,"Ha-Note'a St 3, floor 2, Ha-Note'a St 3, קומה 2, Netanya, 4229105",apply,,https://beautyfind.co.il/sharon/biz/olga-finkell
2c7d157c-1a5f-4d87-ba96-4ee8685246f1,Royal Dent,נתניה,no,ChIJKWLXTSZBHRUR6ODv6Sb5a-4,"פיאנו סנטר, Shoshana Damari St 10, Netanya","פיאנו סנטר, נתניה",dictionary,,"פיאנו סנטר, Shoshana Damari St 10, Netanya",apply,,https://beautyfind.co.il/sharon/biz/royal-dent
a833a17a-1858-4350-8af8-14f7b3c1fc41,Salomé Beauty Institut,נתניה,no,ChIJ4-gVaiRrHRURIYzmTddxaNE,"Nitza 8, Netanya, 41422",נתניה,city_only,,"Nitza 8, Netanya, 41422",apply,,https://beautyfind.co.il/sharon/biz/salome-beauty-institut
76398c26-72db-4546-9456-43c7b4be45c9,The body Institute,נתניה,no,ChIJvexWGzRBHRUR0_9EWa-JjR4,"2 ben gourion Netanya, 4227231",נתניה,city_only,,"2 ben gourion Netanya, נתניה, 4227231",apply,,https://beautyfind.co.il/sharon/biz/body-institute
27c0722b-6bf5-44f2-82ee-ee2bbd00c6cc,Виорика,נתניה,no,ChIJK-Gaw7hrHRUR6H-arMP5CRI,"Шмуэль анацив 14, Netanya",נתניה,city_only,,"Шмуэль анацив 14, Netanya",apply,,https://beautyfind.co.il/sharon/biz/facials-netanya
9656e1e1-7e7c-4ef1-8902-69d4b3629196,Салон красоты Luxor,נתניה,no,ChIJHaCeS6sT1ogRnL-qZYnZ3p4,"А-Маясдим, 4, Netanya",נתניה,city_only,,"А-Маясдим 4, Netanya",apply,,https://beautyfind.co.il/sharon/biz/luxor
e7a7ede1-2590-4d64-9f3f-ce0893975d6d,פרו אסתטיקס טיפולים אסתטיים מתקדמים צפת,צפת,no,ChIJS0ct0o2b7AcR_iKV3JbTjE4,"מתחם בית הפסנתר, Derech HaShokolad 4, קומה 3, Safed, 1322316","מתחם בית הפסנתר, קומה 3, מתחם בית הפסנתר, קומה 3, צפת",dictionary,,"מתחם בית הפסנתר, Derech HaShokolad 4, קומה 3, Safed, 1322316",apply,,https://beautyfind.co.il/north/biz/פרו-אסתטיקס-טיפולים-אסתטיים-מתקדמים-צפת
bcbde7dc-9a86-447f-940d-a440d716402c,M.B- BARBER SHOP,צפת,no,ChIJJS_OOBIjHBUR9C5psxqdqnQ,"HaShiv'a/Giora Yoseftal, Safed",צפת,city_only,,"HaShiv'a/Giora Yoseftal, Safed",apply,,https://beautyfind.co.il/north/biz/m-b-barber-shop
05e5d539-54eb-41e2-a3a5-0357b91cfa8c,"""Valery Secret"" ולרי סיקרט - קליניקה ואקדמיה לטיפולים קוסמטיים ורפואיים‬‎",רחובות,no,ChIJ1ZLABRRmAhUR3OJO4vbrHmQ,"Moti Kind St 2, Rehovot",רחובות,city_only,,,apply,,https://beautyfind.co.il/shfela/biz/valery-secret
f3c5dd83-360f-458e-b302-3f43c8ac252e,Duet Family,רחובות,no,ChIJI5ObN763AhURI5KsGCA4AOY,"Israel Teller St 15, Rehovot, 7644415",רחובות,city_only,,,apply,,https://beautyfind.co.il/shfela/biz/duet-family
62d946fd-3bbc-4bfc-a895-3dced0660ce2,Efrat Cosmetics,רחובות,no,ChIJZXPDtUq3AhURa3pWBMkBs9w,"Ben Tsiyon Fogel St 12, Rehovot, 7641000",רחובות,city_only,,,apply,,https://beautyfind.co.il/shfela/biz/efrat-cosmetics
c491e952-e97a-4f4e-9cf6-d02a340749ca,Hadar nails | | הסרת שיער | לק ג'ל | פדיקור | ציפורן חודרנית | פדיקור טיפולי | פדיקור לגברים | שעווה | שעווה לפנים,רחובות,no,ChIJ3_a5LoG7AhURFXBHYdHk_4Q,"Ha-Nevi'im St 14, Rehovot","רחוב הנביאים 14, רחובות",dictionary,,,apply,,https://beautyfind.co.il/shfela/biz/hadar-nails
8afa9d11-2f8d-47a5-884d-839edb6be5bc,Hamam Spa Raphael,רחובות,no,ChIJce4FB6y3AhURJH1T_TjEt40,"Ha-Hagana St 31, Rehovot, 7621302","רחוב ההגנה 31, רחובות",dictionary,,,apply,,https://beautyfind.co.il/shfela/biz/hamam-spa-raphael
44571512-39d9-432f-b704-052de5f583ad,Ilana Nails - ציפורניים לק ג׳ל,רחובות,no,ChIJf-pjfDK3AhUReEY9o_0CQLE,"Ben Tsiyon Fogel St 12, Rehovot, 7644803",רחובות,city_only,,,apply,,https://beautyfind.co.il/shfela/biz/ilana-nails
e1a9d50c-dcc5-4fbe-9a1d-daa8a1b6dff1,Liel Itzhaki • Face & Skin Care,רחובות,no,ChIJFXJw0dq1AhURkToDuATqBUc,"Moti Kind St 1, Rehovot",רחובות,city_only,,,apply,,https://beautyfind.co.il/shfela/biz/liel-itzhaki-face-and-skin-care
0cf10daa-6231-4464-af2f-0c9dad0bdec7,Limor Cosmetics,רחובות,no,ChIJgetuknW3AhURPLv7ghwFrv0,"Shani St 16, Rehovot",רחובות,city_only,,,apply,,https://beautyfind.co.il/shfela/biz/limor-cosmetics
3e75a41a-03f3-4d98-8a56-21a89a4c7225,Liv Beauty Academy,רחובות,no,ChIJb5AzBfzbAhURg354ndd3lm8,"Herzl St 175, Rehovot","רחוב הרצל 175, רחובות",dictionary,,,apply,,https://beautyfind.co.il/shfela/biz/liv-beauty-academy
9814d9be-8073-4222-a5c2-2482f08a1d3a,NK Beauty Lounge,רחובות,no,ChIJs7q-s_-3AhURIsKpUdzEtwQ,"HaAluf Yaakov Peri St 5, Rehovot",רחובות,city_only,,,apply,,https://beautyfind.co.il/shfela/biz/nk-beauty-lounge
736ea499-991d-470b-af2e-bd051277db68,Perfection - Tanning and Beauty Boutique,רחובות,no,ChIJm_cndwS3AhURJzbrwrUpViM,"Beit ha-Po'alim St 7, Rehovot, 7626713",רחובות,city_only,,,apply,,https://beautyfind.co.il/shfela/biz/perfection-tanning-and-beauty-boutique
967798ad-a15f-4fa3-903a-791e623c5993,Smile Center Dental Clinic Dr. David Attia,רחובות,no,ChIJKciB9wO3AhURsOBRKSm4VYA,"Menucha Venachala St 33, Rehovot",רחובות,city_only,,,apply,,https://beautyfind.co.il/shfela/biz/smile-center-dental-clinic-dr-david-attia
83773757-43ad-4a1a-8a32-4838b8ffe3be,מרפאת שיניים אורן באר שבע,רמת גן,no,ChIJeSXVnbZnAhUR0Z8Z0PJmRjE,"Bialik Mall, Ramat Gan",רמת גן,city_only,,"קניון ביאליק, רמת גן",apply,,https://beautyfind.co.il/dan/biz/מרפאת-שיניים-אורן-באר-שבע
f6ada3ef-6eb6-49d7-bd74-b8892cb59a33,BorimskyCosmetic Boutique,רמת גן,no,ChIJNThn0dxLHRURom0Ibniy48E,"Zeev Jabotinsky 43, Ramat Gan, 5249137",רמת גן,city_only,,"Zeev Jabotinsky 43, רמת גן, 5249137",apply,,https://beautyfind.co.il/dan/biz/borimskycosmetic-boutique
6c599493-1abb-4bb8-bb35-4738572296ca,"ד""ר אבנר בן שושן",תל אביב–יפו,no,ChIJP-tX2rdJHRURJBi4lYnCBOw,"ברודצקי 43, כניסה ב' - קומה 4, Tel Aviv-Yafo, 6905235","ברודצקי 43, כניסה ב' - קומה 4, כניסה ב' - קומה 4, תל אביב–יפו",dictionary,,"ברודצקי 43, כניסה ב' - קומה 4, תל אביב-יפו, 6905235",apply,,https://beautyfind.co.il/dan/biz/דר-אבנר-בן-שושן
45e6545d-12da-4e23-a764-0ea9214e6744,"ד""ר אהרן עמיר -מומחה בינלאומי לכירורגיה פלסטית, אסתטית ומשחזרת",תל אביב–יפו,no,ChIJ83qrmZNLHRUR7c5HrpWBEDs,מנחם בגין 150 בניין We,תל אביב–יפו,city_only,,"מנחם בגין 150 בניין We, תל אביב-יפו",apply,,https://beautyfind.co.il/dan/biz/דר-אהרן-עמיר-מומחה-בינלאומי-לכירורגיה-פלסטית-אסתטית-ומשחזרת
a6205955-18a0-4099-8f66-79ef26092e33,"ד""ר אלון לירן - מנתח פלסטי בכיר | מומחה בכירורגיה פלסטית, אסתטית ומשחזרת",תל אביב–יפו,no,ChIJPQJr36lJHRURRrhQ8eEbPrs,"הנחושת 3, כניסה B, קומה 3, Tel Aviv-Yafo, 6971068","הנחושת 3, קומה 3, קומה 3, תל אביב–יפו",dictionary,,"הנחושת 3, כניסה B, קומה 3, Tel Aviv-Yafo, 6971068",apply,,https://beautyfind.co.il/dan/biz/דר-אלון-לירן-מנתח-פלסטי-בכיר-מומחה-בכירורגיה-פלסטית-אסתטית-ו
1a02e569-909f-430f-82f6-3a144f206baa,"ד""ר דורון אבניאלי, השתלות שיניים, טיפולי שיניים בהרדמה מלאה",תל אביב–יפו,no,ChIJ3Wbua41LHRURXJcevsag3P0,"HaBarzel St 11, כניסה A קומה 3, Tel Aviv-Yafo, 6296202","רחוב הברזל 11, תל אביב–יפו",dictionary,,"HaBarzel St 11, כניסה A קומה 3, Tel Aviv-Yafo, 6296202",apply,,https://beautyfind.co.il/dan/biz/דר-דורון-אבניאלי-השתלות-שיניים-טיפולי-שיניים-בהרדמה-מלאה
733686c9-c4e1-4e6c-84a5-0ad0c95652f7,"ד""ר דנה בוכבוט - רפואת שיער ורפואה אסתטית",תל אביב–יפו,no,ChIJNbalc3BJHRURZhRTtQiBdPw,"בית הרופאים, HaBarzel St 11, Tel Aviv-Yafo, 6323702","בית הרופאים, תל אביב–יפו",dictionary,,"בית הרופאים, HaBarzel St 11, Tel Aviv-Yafo, 6323702",apply,,https://beautyfind.co.il/dan/biz/דר-דנה-בוכבוט-רפואת-שיער-ורפואה-אסתטית
b88742b2-8f26-47aa-8d62-b36a6d1967e5,"ד""ר כריס השתלת שיער CHOIEXPERT",תל אביב–יפו,no,ChIJkUSCb3VJHRURIv7UYMWFiFM,"בית הרופאים, HaBarzel St 11, Tel Aviv-Yafo, 6971017","בית הרופאים, תל אביב–יפו",dictionary,,"בית הרופאים, HaBarzel St 11, Tel Aviv-Yafo, 6971017",apply,,https://beautyfind.co.il/dan/biz/choiexpert
cb305c0b-e3b0-4d57-84c6-557f5f3efce0,דוקטור אברי רווה - מנתח פלסטי בכיר I כירורג פלסטי,תל אביב–יפו,no,ChIJE4lkJJJLHRURJQZwzhm0UnA,"תש״ח 2 קומה 5, Tel Aviv-Yafo","תש״ח 2 קומה 5, תש״ח 2 קומה 5, תל אביב–יפו",dictionary,,"תש״ח 2 קומה 5, Tel Aviv-Yafo",apply,,https://beautyfind.co.il/dan/biz/דוקטור-אברי-רווה-מנתח-פלסטי-בכיר-i-כירורג-פלסטי
30c39ad7-486e-4c94-9df4-c7c02f154bc9,מכבי אסתטיקה - סניף תל אביב,תל אביב–יפו,no,ChIJyRsNMsBLHRURHER9E7svr-M,"בניין מלון PLAY, רח' דרך מנחם בגין 144 מגדל מידטאון, קומה 1, Tel Aviv-Yafo","רח' דרך מנחם בגין 144 מגדל מידטאון, קומה 1, רח' דרך מנחם בגין 144 מגדל מידטאון, קומה 1, תל אביב–יפו",dictionary,,"רח' דרך מנחם בגין 144 מגדל מידטאון, בניין מלון PLAY, קומה 1, Tel Aviv-Jaffa",apply,,https://beautyfind.co.il/dan/biz/מכבי-אסתטיקה-סניף-תל-אביב
4fa1f819-6541-45c9-b1d4-0ae3aa4104bd,סלון יפו jaffa salon,תל אביב–יפו,no,ChIJ5-soP7lMHRURv8Ow1Enm9aE,"שוק הפשפשים רבי נחמן 5 שוק הפשפשים, Tel Aviv-Yafo","שוק הפשפשים רבי נחמן 5 שוק הפשפשים, תל אביב–יפו",dictionary,,"שוק הפשפשים רבי נחמן 5 שוק הפשפשים, תל אביב-יפו",apply,,https://beautyfind.co.il/dan/biz/jaffa-salon
e6d2762c-590a-4790-a561-f10f3a3fce4f,KEDEM SPA HOUSE קדם ספא וחמאם ביפו Spa in Jaffa,תל אביב–יפו,no,ChIJsRT3rhZPsE4RkFSu166gEaE,"כיכר קדומים 5, Kikar Kedumim 5 st, Tel Aviv-Yafo, 6803784","כיכר קדומים 5, תל אביב–יפו",dictionary,,"כיכר קדומים 5, Kikar Kedumim 5 st, תל אביב-יפו, 6803784",apply,,https://beautyfind.co.il/dan/biz/kedem-spa-house-spa-in-jaffa
b14d94eb-53eb-43ce-ae27-0e3b7c7ecdb4,Lilly Kai רמת אביב,תל אביב–יפו,no,ChIJRQV-df1JHRURXHI4aeamiv4,"student compound, Dr George Wise St 26 st, Tel Aviv-Yafo",תל אביב–יפו,city_only,,"student compound, Dr George Wise St 26 st, Tel Aviv-Yafo",apply,,https://beautyfind.co.il/dan/biz/lilly-kai
23aa6881-bebf-4804-982d-727428129ef1,TALETSKY ROOM TLV,תל אביב–יפו,no,ChIJTfyWbdxLHRURKJPuV3-kYLQ,"מיגדלי הצעירים, Menakhem Begin Rd 158, Tel Aviv-Yafo, 6492109","מיגדלי הצעירים, תל אביב–יפו",dictionary,,"מיגדלי הצעירים, Menakhem Begin Rd 158, Tel Aviv-Yafo, 6492109",apply,,https://beautyfind.co.il/dan/biz/taletsky-room-tlv
976d943f-892f-4dc3-a180-0a45663580f5,yullia King George,תל אביב–יפו,no,ChIJExIJn3hMHRURvLySbSxMEvA,"פינת, King George St 51, Tel Aviv-Yafo, 6329918","פינת, תל אביב–יפו",dictionary,,"פינת, King George St 51, Tel Aviv-Yafo, 6329918",apply,,https://beautyfind.co.il/dan/biz/yullia-king-george
ab1d8481-8948-4cac-8955-7bd1c4e630f1,yullia Tzahala - מומחים בהסרת שיער בלייזר | הזרקות | טיפול פנים | מניקור | פדיקור רפואי,תל אביב–יפו,no,ChIJE-AGBaRJHRURO6oTpRgXueQ,"צומת הפיל, Bnei Ephraim St 280, Tel Aviv-Yafo, 6941435","צומת הפיל, תל אביב–יפו",dictionary,,"צומת הפיל, Bnei Ephraim St 280, Tel Aviv-Yafo, 6941435",apply,,https://beautyfind.co.il/dan/biz/yullia-tzahala
2bfb8414-092f-460d-86f5-6e60f0a007ba,ZOI Med Aesthetics - מרפאת זוי,תל אביב–יפו,no,ChIJ4wokI_BLHRUR1RdgiRaW_Yw,"הארבעה 28 מגדל צפוני, קומה 1, Tel Aviv-Yafo, 6473925","הארבעה 28 מגדל צפוני, קומה 1, הארבעה 28 מגדל צפוני, קומה 1, תל אביב–יפו",dictionary,,"הארבעה 28 מגדל צפוני, קומה 1, תל אביב-יפו, 6473925",apply,,https://beautyfind.co.il/dan/biz/zoi-med-aesthetics
