branch_id,business,stored_city,stored_city_slug,google_city,address_after,google_city_slug,proposed_move,public_url,admin_url
5ea120ef-6c66-4d0b-b19f-564f791b79cb,אומנית היופי החלק - IRIT WAK (בהנהלת אירית וייסמן ),אשדוד,ashdod,גן יבנה,"צה״ל 26, קומה 1, גן יבנה",,no city page,https://beautyfind.co.il/south/biz/irit-wak,https://beautyfind.co.il/ops/businesses/branch/5ea120ef-6c66-4d0b-b19f-564f791b79cb
6db79906-f1ba-431b-93de-2d494d0b877f,דנה טיפולי אסתטיקה מתקדמים,אשדוד,ashdod,גן יבנה,"אדמונית 7ב, גן יבנה",,no city page,https://beautyfind.co.il/south/biz/דנה-טיפולי-אסתטיקה-מתקדמים,https://beautyfind.co.il/ops/businesses/branch/6db79906-f1ba-431b-93de-2d494d0b877f
472b592c-ca69-4284-be03-c0bf42a850e8,הרמת ריסים וגבות | עיצוב גבות | מיקרובליידינג | מלי מויאל,אשדוד,ashdod,גן יבנה,"שיר השירים, גן יבנה",,no city page,https://beautyfind.co.il/south/biz/הרמת-ריסים-וגבות-עיצוב-גבות-מיקרובליידינג-מלי-מויאל,https://beautyfind.co.il/ops/businesses/branch/472b592c-ca69-4284-be03-c0bf42a850e8
40aa708d-7653-499e-90e1-450873b446cf,זרי חמיאס,אשדוד,ashdod,גן יבנה,"התבור, גן יבנה",,no city page,https://beautyfind.co.il/south/biz/זרי-חמיאס,https://beautyfind.co.il/ops/businesses/branch/40aa708d-7653-499e-90e1-450873b446cf
95be327f-901b-4d03-bfe3-01d72ac12308,ליאנה זיו - אמנית גבות ומיקרובליידינג,אשדוד,ashdod,גן יבנה,"דרך קנדה 41/1, גן יבנה",,no city page,https://beautyfind.co.il/south/biz/ליאנה-זיו-אמנית-גבות-ומיקרובליידינג,https://beautyfind.co.il/ops/businesses/branch/95be327f-901b-4d03-bfe3-01d72ac12308
c1875478-0e78-44b7-9e89-5dae2de8a08b,מרטין קליניק,אשדוד,ashdod,ים,"שדרות ירושלים 18 אשדוד, ים",,no city page,https://beautyfind.co.il/south/biz/מרטין-קליניק,https://beautyfind.co.il/ops/businesses/branch/c1875478-0e78-44b7-9e89-5dae2de8a08b
ba06eadd-da6a-48f7-a153-0539410dc72c,נופר קפורי - איפור שיער לכלות וערב,אשדוד,ashdod,ים,"הצוללים 5 אשדוד, ים",,no city page,https://beautyfind.co.il/south/biz/נופר-קפורי-איפור-שיער-לכלות-וערב,https://beautyfind.co.il/ops/businesses/branch/ba06eadd-da6a-48f7-a153-0539410dc72c
4c012c96-a8c4-4bf3-a6ad-f3b117fa1857,ניצן בוארון- הסרת שיער בלייזר קר ומניקור ג׳ל,אשדוד,ashdod,גן יבנה,"עופרה 15, גן יבנה",,no city page,https://beautyfind.co.il/south/biz/ניצן-בוארון-הסרת-שיער-בלייזר-קר-ומניקור-גל,https://beautyfind.co.il/ops/businesses/branch/4c012c96-a8c4-4bf3-a6ad-f3b117fa1857
fc6c6564-42c3-43db-90eb-5f423b098060,Rachel,אשדוד,ashdod,ים,"הבנים 4 אשדוד, ים",,no city page,https://beautyfind.co.il/south/biz/rachel,https://beautyfind.co.il/ops/businesses/branch/fc6c6564-42c3-43db-90eb-5f423b098060
5b57d49d-51e2-45ac-a992-c7dff7c1ca02,Sk cosmetics,אשדוד,ashdod,גן יבנה,"האתרוג 6, גן יבנה",,no city page,https://beautyfind.co.il/south/biz/sk-cosmetics,https://beautyfind.co.il/ops/businesses/branch/5b57d49d-51e2-45ac-a992-c7dff7c1ca02
d752b52e-4786-4ee7-9399-4ca9cf95dbce,יפה מקסימוב מרכזי אסתטיקה,בני ברק,bnei-brak,רמת גן,"דרך אבא הלל 301, קניון איילון, רמת גן",ramat-gan,yes,https://beautyfind.co.il/dan/biz/יפה-מקסימוב-מרכזי-אסתטיקה,https://beautyfind.co.il/ops/businesses/branch/d752b52e-4786-4ee7-9399-4ca9cf95dbce
e5a3fd06-b7f5-4cd8-ad98-c396ff280755,לינה סנטר - מרכז טיפולים לפנים ולגוף,בני ברק,bnei-brak,חיפה,"שד׳ הנשיא 134, חיפה",haifa,yes,https://beautyfind.co.il/dan/biz/לינה-סנטר-מרכז-טיפולים-לפנים-ולגוף,https://beautyfind.co.il/ops/businesses/branch/e5a3fd06-b7f5-4cd8-ad98-c396ff280755
151893ab-a3c3-4c07-a749-7f79b3988516,צביה וקוסמטיקה - קוסמטיקאית ברמת גן,בני ברק,bnei-brak,רמת גן,"חיבת ציון 42, רמת גן",ramat-gan,yes,https://beautyfind.co.il/dan/biz/צביה-וקוסמטיקה-קוסמטיקאית-ברמת-גן,https://beautyfind.co.il/ops/businesses/branch/151893ab-a3c3-4c07-a749-7f79b3988516
e19d4bf2-66b8-478a-a7db-3aa629f30272,Beauty Style,בני ברק,bnei-brak,רמת גן,"הרא״ה 34, רמת גן",ramat-gan,yes,https://beautyfind.co.il/dan/biz/beauty-style,https://beautyfind.co.il/ops/businesses/branch/e19d4bf2-66b8-478a-a7db-3aa629f30272
f072d910-7afa-4941-bb7b-b1ef51d0fc55,LONGEVI- by Liana Nahmias-skincare,בני ברק,bnei-brak,רמת גן,"דוד בן גוריון 125, רמת גן",ramat-gan,yes,https://beautyfind.co.il/dan/biz/longevi-by-liana-nahmias-skincare,https://beautyfind.co.il/ops/businesses/branch/f072d910-7afa-4941-bb7b-b1ef51d0fc55
fa33a3ec-6f06-4db0-928b-f4923a5fd985,Nelly Davidov,בני ברק,bnei-brak,רמת גן,"דרך אבא הלל 301, רמת גן",ramat-gan,yes,https://beautyfind.co.il/dan/biz/nelly-davidov,https://beautyfind.co.il/ops/businesses/branch/fa33a3ec-6f06-4db0-928b-f4923a5fd985
4d1dad4a-6df4-4298-848f-1f166188681f,בוטיק הקוסמטיקה של מרינה,גבעתיים,givatayim,רמת גן,"דוד בן גוריון 265, רמת גן",ramat-gan,yes,https://beautyfind.co.il/dan/biz/בוטיק-הקוסמטיקה-מרינה,https://beautyfind.co.il/ops/businesses/branch/4d1dad4a-6df4-4298-848f-1f166188681f
aaed9ee8-abef-4d3e-a74e-ce9c8611e658,בית ספר לעיצוב שיער - מוטיה רובין - MOTIE RUBIN,גבעתיים,givatayim,תל אביב-יפו,"יגאל אלון 159, תל אביב-יפו",tel-aviv,yes,https://beautyfind.co.il/dan/biz/motie-rubin,https://beautyfind.co.il/ops/businesses/branch/aaed9ee8-abef-4d3e-a74e-ce9c8611e658
5c9a3fb2-101d-46fd-8f24-a1271f32a8b8,דר אלה אגוזי ריינמן- רופאה מומחית ברפואת עור ובטיפולי אסתטיקה רפואית,גבעתיים,givatayim,רמת גן,"זאב ז׳בוטינסקי 35, מגדלי התאומים, רמת גן",ramat-gan,yes,https://beautyfind.co.il/dan/biz/דר-אלה-אגוזי-ריינמן-רופאה-מומחית-ברפואת-עור-ובטיפולי-אסתטיקה,https://beautyfind.co.il/ops/businesses/branch/5c9a3fb2-101d-46fd-8f24-a1271f32a8b8
2f140fed-2a29-4fef-9405-a485baee45cf,יעל שלמה - קוסמטיקאית הוליסטית,גבעתיים,givatayim,תל אביב-יפו,"דרך משה דיין 132, תל אביב-יפו",tel-aviv,yes,https://beautyfind.co.il/dan/biz/יעל-שלמה-קוסמטיקאית-הוליסטית,https://beautyfind.co.il/ops/businesses/branch/2f140fed-2a29-4fef-9405-a485baee45cf
0937894d-8c96-4c8a-9578-98a967e39211,לירז קוסמטיקה | הסרת שיער בלייזר וטיפולי פנים,גבעתיים,givatayim,תל אביב-יפו,"דרך משה דיין 109, תל אביב-יפו",tel-aviv,yes,https://beautyfind.co.il/dan/biz/לירז-קוסמטיקה-הסרת-שיער-בלייזר-וטיפולי-פנים,https://beautyfind.co.il/ops/businesses/branch/0937894d-8c96-4c8a-9578-98a967e39211
8dd3429c-8ecf-491f-8e95-bef7acc8992d,עיצוב שיער,גבעתיים,givatayim,רמת גן,"זאב ז׳בוטינסקי 43, רמת גן",ramat-gan,yes,https://beautyfind.co.il/dan/biz/עיצוב-שיער,https://beautyfind.co.il/ops/businesses/branch/8dd3429c-8ecf-491f-8e95-bef7acc8992d
00a5110e-7d98-4f1a-84d8-3f964983ec71,עידית עמר - קוסמטיקאית פרא רפואית מומחית,חולון,holon,אזור,"משה שרת 60, אזור",,no city page,https://beautyfind.co.il/dan/biz/עידית-עמר-קוסמטיקאית-פרא-רפואית-מומחית,https://beautyfind.co.il/ops/businesses/branch/00a5110e-7d98-4f1a-84d8-3f964983ec71
c8355290-2cb6-419c-87ac-2a57570a2d58,Dr. Thaer Clinic - Alchemy 22,חיפה,haifa,נוף הגליל,נוף הגליל,,no city page,https://beautyfind.co.il/haifa/biz/dr-thaer-clinic-alchemy-22,https://beautyfind.co.il/ops/businesses/branch/c8355290-2cb6-419c-87ac-2a57570a2d58
388a5b73-0aed-4fea-9b38-a28b0b4b0aaa,Glamur G_B,נהריה,nahariya,מזרעה,מזרעה,,no city page,https://beautyfind.co.il/north/biz/glamur-g-b,https://beautyfind.co.il/ops/businesses/branch/388a5b73-0aed-4fea-9b38-a28b0b4b0aaa
e098b7aa-cbf4-45d7-8c41-0deeb8b95fa3,אורטל ציפורניים לק ג'ל מיקרובליידינג שיטת השערה נתניה,נתניה,netanya,תל אביב-יפו,"נהלל 20, תל אביב-יפו",tel-aviv,yes,https://beautyfind.co.il/sharon/biz/אורטל-ציפורניים-לק-גל-מיקרובליידינג-שיטת-השערה-נתניה,https://beautyfind.co.il/ops/businesses/branch/e098b7aa-cbf4-45d7-8c41-0deeb8b95fa3
86ec4f42-11cd-4b56-832c-00f97f05ebf0,בני ואתי אמינוב,קריית אונו,kiryat-ono,גבעת שמואל,"ז׳בוטינסקי 50, גבעת שמואל",givat-shmuel,yes,https://beautyfind.co.il/dan/biz/בני-ואתי-אמינוב,https://beautyfind.co.il/ops/businesses/branch/86ec4f42-11cd-4b56-832c-00f97f05ebf0
396b0f47-4c94-4e45-be30-8b32c5299ccb,"ד""ר ללוש - מדע מוכח ליופי שלך",רמת גן,ramat-gan,גבעתיים,"תפוצות ישראל 6 ב, גבעתיים",givatayim,yes,https://beautyfind.co.il/dan/biz/דר-ללוש-מדע-מוכח-ליופי-שלך,https://beautyfind.co.il/ops/businesses/branch/396b0f47-4c94-4e45-be30-8b32c5299ccb
5f2f81a4-0f17-4aad-b614-af060b99b052,PrettyRiss Academy קורס הלחמת ריסים | קורס הרמת ריסים,רמת השרון,ramat-hasharon,תל אביב-יפו,"ד״ר אלי תבין 9, תל אביב-יפו",tel-aviv,yes,https://beautyfind.co.il/sharon/biz/prettyriss-academy,https://beautyfind.co.il/ops/businesses/branch/5f2f81a4-0f17-4aad-b614-af060b99b052
73b348b3-79f0-49e4-9a0f-69019ab3b7f2,Dr. Mor-expert Aesthetic Plastic Lcirogih,תל אביב–יפו,tel-aviv,רמת אביב,"ברודצקי 43, רמת אביב",,no city page,https://beautyfind.co.il/dan/biz/dr-mor-expert-aesthetic-plastic-lcirogih,https://beautyfind.co.il/ops/businesses/branch/73b348b3-79f0-49e4-9a0f-69019ab3b7f2
