treatment_id,branch_id,business,city,region,claimed,name,problem,action,category,matcher_category,price_type,price_nis,source,admin_href
3f08b61f-d9f2-4b75-9f34-51399e88b7c9,2a6fe4cb-d410-4847-8e1e-7682d37879e3,Glam42 גלאם42 אשדוד,אשדוד,south,no,Smart Clinical Repair Wrinkle Correcting Serum קליניק סרום טיפולי לתיקון קמטים ו,product,review,,,fixed,250.99,website,/ops/businesses?branch=2a6fe4cb-d410-4847-8e1e-7682d37879e3
e414771f-c34d-4bcc-ba8c-bb44a987f9d3,2a6fe4cb-d410-4847-8e1e-7682d37879e3,Glam42 גלאם42 אשדוד,אשדוד,south,no,Take It Away 200ML אסתי לאודר תחליב להסרת איפור,product,review,makeup,,on_request,,website,/ops/businesses?branch=2a6fe4cb-d410-4847-8e1e-7682d37879e3
7fa68c22-7a2b-4b64-a8fa-ac3b94e16d39,2a6fe4cb-d410-4847-8e1e-7682d37879e3,Glam42 גלאם42 אשדוד,אשדוד,south,no,מוצר מעולה מסיר את האיפור ולא מייבש את העור.,product,review,makeup,,on_request,,website,/ops/businesses?branch=2a6fe4cb-d410-4847-8e1e-7682d37879e3
a5026f88-b9c8-4308-abff-271359ca992c,1eed952a-7af9-4875-9dc6-572d9167a83a,RN laser cosmetic,אשדוד,south,no,סדרת 6 טיפולים — חומרים ומכשור מתקדמים. לפרטים →,package,review,,,package,2500,website,/ops/businesses?branch=1eed952a-7af9-4875-9dc6-572d9167a83a
86fea78c-bab9-4d8c-b222-3b074aeccdd6,5b57d49d-51e2-45ac-a992-c7dff7c1ca02,Sk cosmetics,אשדוד,south,no,בלבד,function_word,review,,,fixed,50,website,/ops/businesses?branch=5b57d49d-51e2-45ac-a992-c7dff7c1ca02
63937658-5845-4b89-9858-b42bfcb678a6,df8f55ef-7b98-4965-9480-3cad55198155,אושר בן חמו קליניקה לטיפוח,אשדוד,south,no,חנות מוצרי פדיקור מניקור,product,review,nails,,on_request,,website,/ops/businesses?branch=df8f55ef-7b98-4965-9480-3cad55198155
24b5163c-d4d2-4f95-93d6-445708de0fae,df8f55ef-7b98-4965-9480-3cad55198155,אושר בן חמו קליניקה לטיפוח,אשדוד,south,no,קורסים והשתלמויות,package,review,,,on_request,,website,/ops/businesses?branch=df8f55ef-7b98-4965-9480-3cad55198155
423bec88-1f9f-4efa-ad4c-fabc37871683,d7d1292a-9dbf-42ca-8910-64a8934831f3,"ד״ר אלינה גרמן, רופאת שיניים",אשדוד,south,no,"חבילה היגיינת פה בסיסית, BASIC (30 דק׳ או פחות)",package,review,,,fixed,240,website,/ops/businesses?branch=d7d1292a-9dbf-42ca-8910-64a8934831f3
546eb7c7-a381-426f-9649-7b15cb1855ea,d7d1292a-9dbf-42ca-8910-64a8934831f3,"ד״ר אלינה גרמן, רופאת שיניים",אשדוד,south,no,"חבילת היגיינת פה מקצועית, PRO (50 דק׳ או פחות)",package,review,,,fixed,290,website,/ops/businesses?branch=d7d1292a-9dbf-42ca-8910-64a8934831f3
1cd28be1-0956-4b7e-bd90-3c5c62ec8f9a,d7d1292a-9dbf-42ca-8910-64a8934831f3,"ד״ר אלינה גרמן, רופאת שיניים",אשדוד,south,no,"חבילת היגיינת פה פרימיום, PREMIUM (60 דק׳ או פחות)",package,review,,,fixed,330,website,/ops/businesses?branch=d7d1292a-9dbf-42ca-8910-64a8934831f3
b065947b-f1a8-44aa-bff2-d76d9b44765f,472b592c-ca69-4284-be03-c0bf42a850e8,הרמת ריסים וגבות | עיצוב גבות | מיקרובליידינג | מלי מויאל,אשדוד,south,no,ערכה מלאה להרמת ריסים מבית Elleebana,product,review,brows-lashes,,on_request,,website,/ops/businesses?branch=472b592c-ca69-4284-be03-c0bf42a850e8
806aa54b-2826-43ee-9b8e-136c665eb86b,472b592c-ca69-4284-be03-c0bf42a850e8,הרמת ריסים וגבות | עיצוב גבות | מיקרובליידינג | מלי מויאל,אשדוד,south,no,קורס הרמת גבות,package,review,,,on_request,,website,/ops/businesses?branch=472b592c-ca69-4284-be03-c0bf42a850e8
e31fd3a0-92f5-4a3c-8234-4e32b348ef63,472b592c-ca69-4284-be03-c0bf42a850e8,הרמת ריסים וגבות | עיצוב גבות | מיקרובליידינג | מלי מויאל,אשדוד,south,no,קורס הרמת ריסים,package,review,brows-lashes,,on_request,,website,/ops/businesses?branch=472b592c-ca69-4284-be03-c0bf42a850e8
741c397d-6ef3-4901-85a6-252a152b4def,472b592c-ca69-4284-be03-c0bf42a850e8,הרמת ריסים וגבות | עיצוב גבות | מיקרובליידינג | מלי מויאל,אשדוד,south,no,קורס הרמת ריסים וגבות,package,review,brows-lashes,,on_request,,website,/ops/businesses?branch=472b592c-ca69-4284-be03-c0bf42a850e8
123c036d-85f8-4550-b344-162c202752d0,ec6a50ae-40d6-49c0-a3b3-a0f89462dfdf,"סמדג׳ה משה - המרכז להחלקות שיער אשדוד | החלקה אורגנית, החלקת קרטין | הסרת שיער בלייזר | טיפולי פנים",אשדוד,south,no,מארז של 100 כובעי רחצה,product,review,,,fixed,49,website,/ops/businesses?branch=ec6a50ae-40d6-49c0-a3b3-a0f89462dfdf
1c76da50-c429-47bc-9c1c-6602970acaec,ec6a50ae-40d6-49c0-a3b3-a0f89462dfdf,"סמדג׳ה משה - המרכז להחלקות שיער אשדוד | החלקה אורגנית, החלקת קרטין | הסרת שיער בלייזר | טיפולי פנים",אשדוד,south,no,ערכה פוואר אלמנט,product,review,,,fixed,300,website,/ops/businesses?branch=ec6a50ae-40d6-49c0-a3b3-a0f89462dfdf
6551e018-c8e1-4c6a-b05a-ffc0097b1384,72c6c43d-735d-48ec-898d-e1b3e5725612,קסם קוסמטיקס,אשדוד,south,no,косметолог,function_word,review,,,on_request,,website,/ops/businesses?branch=72c6c43d-735d-48ec-898d-e1b3e5725612
3c52814a-76c7-4dd2-9dad-d1b82d48a829,fa33a3ec-6f06-4db0-928b-f4923a5fd985,Nelly Davidov,בני ברק,dan,no,"לא להשתמש באיפור, פילינג או סרומים חזקים ביומיים הראשונים",product,review,,,on_request,,website,/ops/businesses?branch=fa33a3ec-6f06-4db0-928b-f4923a5fd985
9053efb0-bded-4236-8b37-605baf5cb331,fa33a3ec-6f06-4db0-928b-f4923a5fd985,Nelly Davidov,בני ברק,dan,no,קרם לחות והגנה SPF50 מינרלי – 120ml,product,review,,,fixed,140,website,/ops/businesses?branch=fa33a3ec-6f06-4db0-928b-f4923a5fd985
a81fe2ab-e6c8-46ec-8ca6-b1d177c93782,9bc84eac-f163-4082-93f7-e8e35dd67a5c,אריאלה ביוטי,בני ברק,dan,no,מוצרי אנטי אייג׳ינג,product,review,facials,,on_request,,website,/ops/businesses?branch=9bc84eac-f163-4082-93f7-e8e35dd67a5c
f8bde2f3-2d13-4e3e-bf6e-c9dde5078e54,9bc84eac-f163-4082-93f7-e8e35dd67a5c,אריאלה ביוטי,בני ברק,dan,no,מוצרי הבהרה וטיפול בפיגמנטציה,product,review,facials,,on_request,,website,/ops/businesses?branch=9bc84eac-f163-4082-93f7-e8e35dd67a5c
84c02516-c3c7-4458-a376-37ace0a2d2a5,9bc84eac-f163-4082-93f7-e8e35dd67a5c,אריאלה ביוטי,בני ברק,dan,no,סרום אנטי אייג'ינג על בסיס פפטידים,product,review,facials,,fixed,540,website,/ops/businesses?branch=9bc84eac-f163-4082-93f7-e8e35dd67a5c
a61bdd2a-3cc7-4a00-b3a4-efde27b7b90d,9bc84eac-f163-4082-93f7-e8e35dd67a5c,אריאלה ביוטי,בני ברק,dan,no,סרום ויטמין C טהור,product,review,,,fixed,540,website,/ops/businesses?branch=9bc84eac-f163-4082-93f7-e8e35dd67a5c
bed1a66b-b4c5-4a7c-af22-734eb2da3307,9bc84eac-f163-4082-93f7-e8e35dd67a5c,אריאלה ביוטי,בני ברק,dan,no,סרום מדכא מלנין המתאים גם לאיזון עור שומני,product,review,,,fixed,499,website,/ops/businesses?branch=9bc84eac-f163-4082-93f7-e8e35dd67a5c
ec6cfa26-87f2-4843-bae9-414789a56064,9bc84eac-f163-4082-93f7-e8e35dd67a5c,אריאלה ביוטי,בני ברק,dan,no,ערכת ביוטי לטיפוח עור הפנים,product,review,,,fixed,1320,website,/ops/businesses?branch=9bc84eac-f163-4082-93f7-e8e35dd67a5c
c1991c7d-0fb2-42ec-a9be-2ca613092931,9bc84eac-f163-4082-93f7-e8e35dd67a5c,אריאלה ביוטי,בני ברק,dan,no,קרם אנטי אייג'ינג לטשטוש קמטים בצידי העיניים,product,review,facials,,fixed,499,website,/ops/businesses?branch=9bc84eac-f163-4082-93f7-e8e35dd67a5c
4a356606-1270-4d15-966b-dd6e1d0e956f,9bc84eac-f163-4082-93f7-e8e35dd67a5c,אריאלה ביוטי,בני ברק,dan,no,קרם הבהרה ליום ומדכא מלנין,product,review,facials,,fixed,540,website,/ops/businesses?branch=9bc84eac-f163-4082-93f7-e8e35dd67a5c
791b1c82-164d-40a3-9d42-2dd4558f1d6d,9bc84eac-f163-4082-93f7-e8e35dd67a5c,אריאלה ביוטי,בני ברק,dan,no,קרם הבהרה ללילה,product,review,facials,,fixed,520,website,/ops/businesses?branch=9bc84eac-f163-4082-93f7-e8e35dd67a5c
04ef34aa-f6d3-440d-ba7f-e790194c064c,9bc84eac-f163-4082-93f7-e8e35dd67a5c,אריאלה ביוטי,בני ברק,dan,no,קרם חומצה לקטית לעור זוהר וחלק,product,review,,,fixed,520,website,/ops/businesses?branch=9bc84eac-f163-4082-93f7-e8e35dd67a5c
8e6de30b-8703-483c-8a41-8bd2635c6754,9bc84eac-f163-4082-93f7-e8e35dd67a5c,אריאלה ביוטי,בני ברק,dan,no,קרם לחות והרגעה לעור,product,review,,,fixed,440,website,/ops/businesses?branch=9bc84eac-f163-4082-93f7-e8e35dd67a5c
73e94dad-cf4d-45e9-b528-561c972f070c,9bc84eac-f163-4082-93f7-e8e35dd67a5c,אריאלה ביוטי,בני ברק,dan,no,קרם פפטידים אנטי אייג'ינג,product,review,facials,,fixed,580,website,/ops/businesses?branch=9bc84eac-f163-4082-93f7-e8e35dd67a5c
a2caf9f4-1cf7-4731-9bf0-0a10cac29327,a57a1329-5ad6-4d1f-9e1e-9b61c67e490b,ביוטי שופ,בני ברק,dan,no,Gold medium cream – תכשיר לחות במרקם קל לאנטיאייג׳ינג.,product,review,facials,,on_request,,website,/ops/businesses?branch=a57a1329-5ad6-4d1f-9e1e-9b61c67e490b
f8970d03-b1b8-4030-8363-fbc282620380,a57a1329-5ad6-4d1f-9e1e-9b61c67e490b,ביוטי שופ,בני ברק,dan,no,עיסוי פנים עם קרמים מיוחדים,product,review,,,on_request,,website,/ops/businesses?branch=a57a1329-5ad6-4d1f-9e1e-9b61c67e490b
c8be4adf-428b-4080-a415-0c9e25bd9961,151893ab-a3c3-4c07-a749-7f79b3988516,צביה וקוסמטיקה - קוסמטיקאית ברמת גן,בני ברק,dan,no,מוצרים מבית BIOFOR,product,review,,,on_request,,website,/ops/businesses?branch=151893ab-a3c3-4c07-a749-7f79b3988516
8e7b0bff-4b27-4142-910f-6e2cebe61a34,151893ab-a3c3-4c07-a749-7f79b3988516,צביה וקוסמטיקה - קוסמטיקאית ברמת גן,בני ברק,dan,no,מוצרים מבית DOCTOR BABOR,product,review,,,on_request,,website,/ops/businesses?branch=151893ab-a3c3-4c07-a749-7f79b3988516
6898bbea-c571-485c-a7a0-936aa62d6a51,151893ab-a3c3-4c07-a749-7f79b3988516,צביה וקוסמטיקה - קוסמטיקאית ברמת גן,בני ברק,dan,no,מוצרים מבית Dermalosophy,product,review,,,on_request,,website,/ops/businesses?branch=151893ab-a3c3-4c07-a749-7f79b3988516
ea0d816a-1cc3-4b72-b24a-aca50a90f9b5,151893ab-a3c3-4c07-a749-7f79b3988516,צביה וקוסמטיקה - קוסמטיקאית ברמת גן,בני ברק,dan,no,מוצרים מבית YONKA,product,review,,,on_request,,website,/ops/businesses?branch=151893ab-a3c3-4c07-a749-7f79b3988516
13246ca4-dad8-4ca2-b275-007ff5aefe31,151893ab-a3c3-4c07-a749-7f79b3988516,צביה וקוסמטיקה - קוסמטיקאית ברמת גן,בני ברק,dan,no,מוצרים מבית biopeptix,product,review,,,on_request,,website,/ops/businesses?branch=151893ab-a3c3-4c07-a749-7f79b3988516
1dc85851-da14-499e-a1b6-aeb495e2a215,3e087faf-1fd9-4dd0-8f61-cb4031836849,Cosmetics Institute of Ronit Segev,גבעת שמואל,dan,no,"איפור קבוע ,",sentence,would hide with --confirm,,,on_request,,website,/ops/businesses?branch=3e087faf-1fd9-4dd0-8f61-cb4031836849
2aa9c4fe-a0b4-4be9-b50e-303c05634dd6,3e087faf-1fd9-4dd0-8f61-cb4031836849,Cosmetics Institute of Ronit Segev,גבעת שמואל,dan,no,"אקנה ,",sentence,would hide with --confirm,facials,,on_request,,website,/ops/businesses?branch=3e087faf-1fd9-4dd0-8f61-cb4031836849
6296a6b1-3f05-4566-8e19-aeeb33ee294a,3e087faf-1fd9-4dd0-8f61-cb4031836849,Cosmetics Institute of Ronit Segev,גבעת שמואל,dan,no,"הסרת שיער ,",sentence,would hide with --confirm,,,on_request,,website,/ops/businesses?branch=3e087faf-1fd9-4dd0-8f61-cb4031836849
94f7727d-0eb2-452e-a582-c1f3332568d3,3e087faf-1fd9-4dd0-8f61-cb4031836849,Cosmetics Institute of Ronit Segev,גבעת שמואל,dan,no,"הצרת היקפים ,",sentence,would hide with --confirm,body-contouring,,on_request,,website,/ops/businesses?branch=3e087faf-1fd9-4dd0-8f61-cb4031836849
633e77d9-4c39-4863-ba9b-813c3d0f696b,3e087faf-1fd9-4dd0-8f61-cb4031836849,Cosmetics Institute of Ronit Segev,גבעת שמואל,dan,no,"מניקור ,",sentence,would hide with --confirm,,,on_request,,website,/ops/businesses?branch=3e087faf-1fd9-4dd0-8f61-cb4031836849
e8b3a9f7-b3d6-4298-b790-435ff88c131b,3e087faf-1fd9-4dd0-8f61-cb4031836849,Cosmetics Institute of Ronit Segev,גבעת שמואל,dan,no,"עיסוי ,",sentence,would hide with --confirm,spa-massage,,on_request,,website,/ops/businesses?branch=3e087faf-1fd9-4dd0-8f61-cb4031836849
0e4878cf-c067-4fe0-9265-1f29566a633e,61a6b949-be55-4270-9e99-09995c9c57fc,BeautIX - Beauty Salon,גבעתיים,dan,no,קורס אפילציה -מחט חשמלית להסרת שיער.,package,review,hair-removal,,on_request,,website,/ops/businesses?branch=61a6b949-be55-4270-9e99-09995c9c57fc
12ae9db9-c48a-4e31-ba72-2d3610e4ada4,61a6b949-be55-4270-9e99-09995c9c57fc,BeautIX - Beauty Salon,גבעתיים,dan,no,קורס בניית ציפורניים,package,review,nails,,on_request,,website,/ops/businesses?branch=61a6b949-be55-4270-9e99-09995c9c57fc
19cc0e78-6a86-40fd-933a-adc627d153cb,61a6b949-be55-4270-9e99-09995c9c57fc,BeautIX - Beauty Salon,גבעתיים,dan,no,קורס בניית ציפורניים בשיטות מתקדמות,package,review,nails,,on_request,,website,/ops/businesses?branch=61a6b949-be55-4270-9e99-09995c9c57fc
49810fec-9319-4897-85f0-c63106543e48,61a6b949-be55-4270-9e99-09995c9c57fc,BeautIX - Beauty Salon,גבעתיים,dan,no,קורס מניקור פרימיום(מבנה אנטומי והשלמת ציפורן),package,review,nails,,on_request,,website,/ops/businesses?branch=61a6b949-be55-4270-9e99-09995c9c57fc
74273765-09d9-4d50-9b41-dd807e1d2be0,61a6b949-be55-4270-9e99-09995c9c57fc,BeautIX - Beauty Salon,גבעתיים,dan,no,קורס ניהול עסקי.,package,review,,,on_request,,website,/ops/businesses?branch=61a6b949-be55-4270-9e99-09995c9c57fc
4b3f2bdf-4bd7-4e9d-9f7e-7342b25416dc,61a6b949-be55-4270-9e99-09995c9c57fc,BeautIX - Beauty Salon,גבעתיים,dan,no,קורס עיצוב גבות ושעוות,package,review,hair-removal,,on_request,,website,/ops/businesses?branch=61a6b949-be55-4270-9e99-09995c9c57fc
e9fadf16-e106-4bd5-984a-d5cd3d89b727,61a6b949-be55-4270-9e99-09995c9c57fc,BeautIX - Beauty Salon,גבעתיים,dan,no,קורס פדיקור מניקור,package,review,nails,,on_request,,website,/ops/businesses?branch=61a6b949-be55-4270-9e99-09995c9c57fc
465269ec-6825-405b-8a0e-94470fd91d0b,61a6b949-be55-4270-9e99-09995c9c57fc,BeautIX - Beauty Salon,גבעתיים,dan,no,קורס פדיקור קוסמטי כולל לק ג׳ל,package,review,nails,,on_request,,website,/ops/businesses?branch=61a6b949-be55-4270-9e99-09995c9c57fc
6a835879-28f6-4871-85de-74d1ac60eba9,aaed9ee8-abef-4d3e-a74e-ce9c8611e658,בית ספר לעיצוב שיער - מוטיה רובין - MOTIE RUBIN,גבעתיים,dan,no,מגמת איפור קורס איפור קלאסי מורחב,package,review,makeup,,on_request,,website,/ops/businesses?branch=aaed9ee8-abef-4d3e-a74e-ce9c8611e658
f49c2c73-3f1f-434a-b141-21dbbba485c6,aaed9ee8-abef-4d3e-a74e-ce9c8611e658,בית ספר לעיצוב שיער - מוטיה רובין - MOTIE RUBIN,גבעתיים,dan,no,קורס איפור אישי - Selphy,package,review,makeup,,on_request,,website,/ops/businesses?branch=aaed9ee8-abef-4d3e-a74e-ce9c8611e658
d1e07424-4adc-4fa6-98e7-4861ecb1383a,aaed9ee8-abef-4d3e-a74e-ce9c8611e658,בית ספר לעיצוב שיער - מוטיה רובין - MOTIE RUBIN,גבעתיים,dan,no,קורס איפור בשיטת התזה AIR BRUSH,package,review,makeup,,on_request,,website,/ops/businesses?branch=aaed9ee8-abef-4d3e-a74e-ce9c8611e658
88a424a7-3e68-4435-b01f-bd7848d536cf,aaed9ee8-abef-4d3e-a74e-ce9c8611e658,בית ספר לעיצוב שיער - מוטיה רובין - MOTIE RUBIN,גבעתיים,dan,no,קורס איפור כלות ואופנה למאפרים,package,review,makeup,,on_request,,website,/ops/businesses?branch=aaed9ee8-abef-4d3e-a74e-ce9c8611e658
0c51ed1c-7338-4f8f-88d3-8c504b5ba762,aaed9ee8-abef-4d3e-a74e-ce9c8611e658,בית ספר לעיצוב שיער - מוטיה רובין - MOTIE RUBIN,גבעתיים,dan,no,קורס איפור לקולנוע ולבמה,package,review,makeup,,on_request,,website,/ops/businesses?branch=aaed9ee8-abef-4d3e-a74e-ce9c8611e658
0da984ba-7298-4810-902d-a5511ddfe2e5,aaed9ee8-abef-4d3e-a74e-ce9c8611e658,בית ספר לעיצוב שיער - מוטיה רובין - MOTIE RUBIN,גבעתיים,dan,no,קורס בלונדים וכימיה מתקדמת,package,review,hair-salons,,on_request,,website,/ops/businesses?branch=aaed9ee8-abef-4d3e-a74e-ce9c8611e658
ed2afee1-f277-4ee8-b692-90724e4bd527,aaed9ee8-abef-4d3e-a74e-ce9c8611e658,בית ספר לעיצוב שיער - מוטיה רובין - MOTIE RUBIN,גבעתיים,dan,no,קורס החלקות | החלקות אורגניות - החלקות קרטין,package,review,hair-salons,,on_request,,website,/ops/businesses?branch=aaed9ee8-abef-4d3e-a74e-ce9c8611e658
afd9d6d3-1ce5-4055-99ee-a3a5860a3de8,aaed9ee8-abef-4d3e-a74e-ce9c8611e658,בית ספר לעיצוב שיער - מוטיה רובין - MOTIE RUBIN,גבעתיים,dan,no,קורס החלקות שיער אורגנית / קרטין,package,review,hair-salons,,on_request,,website,/ops/businesses?branch=aaed9ee8-abef-4d3e-a74e-ce9c8611e658
e42445a7-6828-4539-9990-80ac99ed18bb,aaed9ee8-abef-4d3e-a74e-ce9c8611e658,בית ספר לעיצוב שיער - מוטיה רובין - MOTIE RUBIN,גבעתיים,dan,no,קורס יסודות גזירה | לימודי תספורות נשים,package,review,hair-salons,,on_request,,website,/ops/businesses?branch=aaed9ee8-abef-4d3e-a74e-ce9c8611e658
55e30f98-5f86-4e04-8b2f-dfc058dd02b2,aaed9ee8-abef-4d3e-a74e-ce9c8611e658,בית ספר לעיצוב שיער - מוטיה רובין - MOTIE RUBIN,גבעתיים,dan,no,קורס יסודות הגזירה תספורות נשים,package,review,hair-salons,,on_request,,website,/ops/businesses?branch=aaed9ee8-abef-4d3e-a74e-ce9c8611e658
0f1c8949-df60-4c6c-a002-1d6402275c3b,aaed9ee8-abef-4d3e-a74e-ce9c8611e658,בית ספר לעיצוב שיער - מוטיה רובין - MOTIE RUBIN,גבעתיים,dan,no,קורס עיצוב תסרוקות פנטזיה,package,review,hair-salons,,on_request,,website,/ops/businesses?branch=aaed9ee8-abef-4d3e-a74e-ce9c8611e658
2183c76f-805a-455f-bbd0-d50a650a6fd9,aaed9ee8-abef-4d3e-a74e-ce9c8611e658,בית ספר לעיצוב שיער - מוטיה רובין - MOTIE RUBIN,גבעתיים,dan,no,קורס תספורות גברים - ברבינג,package,review,hair-salons,,on_request,,website,/ops/businesses?branch=aaed9ee8-abef-4d3e-a74e-ce9c8611e658
375e011d-588c-4318-9786-d8ee276facd6,aaed9ee8-abef-4d3e-a74e-ce9c8611e658,בית ספר לעיצוב שיער - מוטיה רובין - MOTIE RUBIN,גבעתיים,dan,no,קורס תסרוקות במוטיה רובין,package,review,hair-salons,,on_request,,website,/ops/businesses?branch=aaed9ee8-abef-4d3e-a74e-ce9c8611e658
8a17c465-a6b9-4016-9ec1-010b035a5bac,aaed9ee8-abef-4d3e-a74e-ce9c8611e658,בית ספר לעיצוב שיער - מוטיה רובין - MOTIE RUBIN,גבעתיים,dan,no,קורס תסרוקות למתקדמים | למתחילים,package,review,hair-salons,,on_request,,website,/ops/businesses?branch=aaed9ee8-abef-4d3e-a74e-ce9c8611e658
42cca88c-3b79-45c4-81bc-2093ca4a1afa,aaed9ee8-abef-4d3e-a74e-ce9c8611e658,בית ספר לעיצוב שיער - מוטיה רובין - MOTIE RUBIN,גבעתיים,dan,no,קורס תסרוקות רמה א',package,review,hair-salons,,on_request,,website,/ops/businesses?branch=aaed9ee8-abef-4d3e-a74e-ce9c8611e658
26f31b5e-c8f0-4e4b-8b33-f601d19abaf5,77c3fddc-e5fc-4bdd-b9d6-153eb4a0b4c0,CULT | סטודיו ליופי והכשרה | מניקור • פדיקור • ריסים • גבות • הסרת שיער | חיפה,חיפה,haifa,no,Мастер,function_word,review,,,on_request,,website,/ops/businesses?branch=77c3fddc-e5fc-4bdd-b9d6-153eb4a0b4c0
cd3bf68a-2c4c-4ed0-8b61-de0e755831cb,77c3fddc-e5fc-4bdd-b9d6-153eb4a0b4c0,CULT | סטודיו ליופי והכשרה | מניקור • פדיקור • ריסים • גבות • הסרת שיער | חיפה,חיפה,haifa,no,קורס הלחמת ריסים,package,review,brows-lashes,,on_request,,website,/ops/businesses?branch=77c3fddc-e5fc-4bdd-b9d6-153eb4a0b4c0
fe61f14e-86a3-47d4-adcf-a6de30d0e482,77c3fddc-e5fc-4bdd-b9d6-153eb4a0b4c0,CULT | סטודיו ליופי והכשרה | מניקור • פדיקור • ריסים • גבות • הסרת שיער | חיפה,חיפה,haifa,no,קורס הרמת גבות,package,review,,,on_request,,website,/ops/businesses?branch=77c3fddc-e5fc-4bdd-b9d6-153eb4a0b4c0
81f708fe-9678-479d-bc33-a6b51b74a3dc,77c3fddc-e5fc-4bdd-b9d6-153eb4a0b4c0,CULT | סטודיו ליופי והכשרה | מניקור • פדיקור • ריסים • גבות • הסרת שיער | חיפה,חיפה,haifa,no,קורס הרמת ריסים,package,review,brows-lashes,,on_request,,website,/ops/businesses?branch=77c3fddc-e5fc-4bdd-b9d6-153eb4a0b4c0
3e7c29e3-ab66-4b22-b559-ac47bdcf741f,77c3fddc-e5fc-4bdd-b9d6-153eb4a0b4c0,CULT | סטודיו ליופי והכשרה | מניקור • פדיקור • ריסים • גבות • הסרת שיער | חיפה,חיפה,haifa,no,קורס מניקור,package,review,nails,,on_request,,website,/ops/businesses?branch=77c3fddc-e5fc-4bdd-b9d6-153eb4a0b4c0
425ab440-3c0d-4fcb-9756-11ed468549e9,77c3fddc-e5fc-4bdd-b9d6-153eb4a0b4c0,CULT | סטודיו ליופי והכשרה | מניקור • פדיקור • ריסים • גבות • הסרת שיער | חיפה,חיפה,haifa,no,קורס עיצוב גבות,package,review,brows-lashes,,on_request,,website,/ops/businesses?branch=77c3fddc-e5fc-4bdd-b9d6-153eb4a0b4c0
98edcbc1-3d47-47d4-8c1f-ffeaf93b6a1b,77c3fddc-e5fc-4bdd-b9d6-153eb4a0b4c0,CULT | סטודיו ליופי והכשרה | מניקור • פדיקור • ריסים • גבות • הסרת שיער | חיפה,חיפה,haifa,no,קורס פדיקור,package,review,nails,,on_request,,website,/ops/businesses?branch=77c3fddc-e5fc-4bdd-b9d6-153eb4a0b4c0
c2f21865-4e2a-4f24-8e70-35b627bc6519,bcb35f73-9991-4cc0-9150-141bc3dc5b47,Carmella Spa | כרמלה ספא בחיפה,חיפה,haifa,no,חבילות ספא במלון כרמלה,package,review,spa-massage,,on_request,,website,/ops/businesses?branch=bcb35f73-9991-4cc0-9150-141bc3dc5b47
8779e5b6-2763-491c-bc4d-2d74ab802f4c,bcb35f73-9991-4cc0-9150-141bc3dc5b47,Carmella Spa | כרמלה ספא בחיפה,חיפה,haifa,no,חבילות עיסויים במלון כרמלה,package,review,spa-massage,,on_request,,website,/ops/businesses?branch=bcb35f73-9991-4cc0-9150-141bc3dc5b47
28d85210-54a8-4060-b27f-c52b0c1518cc,4124e0af-651e-4e9e-8638-9535ace3bcd3,DK The Hair Lounge,חיפה,haifa,no,Мелирование,function_word,review,,,on_request,,website,/ops/businesses?branch=4124e0af-651e-4e9e-8638-9535ace3bcd3
485ec265-5a68-4e4a-a067-68c490afd587,247ecf73-334d-4f3b-b705-2ebe6202db68,Dolev Beauty Clinic And Academy,חיפה,haifa,no,מוצרים לעיצוב גבות,product,review,brows-lashes,,on_request,,website,/ops/businesses?branch=247ecf73-334d-4f3b-b705-2ebe6202db68
9015166c-87d3-433f-818f-b75361a35405,247ecf73-334d-4f3b-b705-2ebe6202db68,Dolev Beauty Clinic And Academy,חיפה,haifa,no,קורסים והשתלמויות,package,review,,,on_request,,website,/ops/businesses?branch=247ecf73-334d-4f3b-b705-2ebe6202db68
7376fee8-abe5-47f7-bdae-563b5ba74308,f5f9510a-f30f-4fda-ac5d-ed82c839117e,Epilution Haifa | Салон красоты | Beauty Salon,חיפה,haifa,no,Консультация,function_word,review,,,fixed,90,website,/ops/businesses?branch=f5f9510a-f30f-4fda-ac5d-ed82c839117e
bc838916-62a8-44a6-9fac-9383b2535405,71ec6c62-0e51-4344-b8bd-cfb947b777bc,Irina Nikolenko,חיפה,haifa,no,Shampoo & conditioning,product,review,,,on_request,,website,/ops/businesses?branch=71ec6c62-0e51-4344-b8bd-cfb947b777bc
3d9add40-e2d0-4f0b-9382-191557ee13ff,752f7ed8-64d5-4ddc-969b-63849c18b5d6,Liya Hanukaev - ליה חנוכייב קוסמטיקאית בכירה,חיפה,haifa,no,"Лицо,живот,спина,руки,ноги",function_word,review,,,on_request,,website,/ops/businesses?branch=752f7ed8-64d5-4ddc-969b-63849c18b5d6
baf1a305-5a3c-4988-8eea-aca0977b51de,4f317565-8ae0-41af-833f-9fd5e87a67c0,"Oly Cosmetics - מרכז לטיפולי פנים וגוף, מוצרי קוסמטיקה",חיפה,haifa,no,(50 מ”ל) BB CREAM SPF 30,product,review,,,fixed,195,website,/ops/businesses?branch=4f317565-8ae0-41af-833f-9fd5e87a67c0
15340ef7-88dc-4c4e-a28e-4dd735738e3e,4f317565-8ae0-41af-833f-9fd5e87a67c0,"Oly Cosmetics - מרכז לטיפולי פנים וגוף, מוצרי קוסמטיקה",חיפה,haifa,no,BB קרם לחות פעיל דמי מייק אפ 25-SPF,product,review,,,fixed,256,website,/ops/businesses?branch=4f317565-8ae0-41af-833f-9fd5e87a67c0
50af4030-232d-44fd-8057-61b3548f0653,4f317565-8ae0-41af-833f-9fd5e87a67c0,"Oly Cosmetics - מרכז לטיפולי פנים וגוף, מוצרי קוסמטיקה",חיפה,haifa,no,ESTER C – קרם הבהרה,product,review,hair-salons,,fixed,370,website,/ops/businesses?branch=4f317565-8ae0-41af-833f-9fd5e87a67c0
22415f4b-fb42-43aa-939a-e815fe04a874,4f317565-8ae0-41af-833f-9fd5e87a67c0,"Oly Cosmetics - מרכז לטיפולי פנים וגוף, מוצרי קוסמטיקה",חיפה,haifa,no,ESTER C – קרם לחות לעור יבש SPF 20,product,review,,,fixed,220,website,/ops/businesses?branch=4f317565-8ae0-41af-833f-9fd5e87a67c0
19161b1a-8fdf-49da-b516-a51020360e30,4f317565-8ae0-41af-833f-9fd5e87a67c0,"Oly Cosmetics - מרכז לטיפולי פנים וגוף, מוצרי קוסמטיקה",חיפה,haifa,no,ESTER C – קרם לילה משקם,product,review,,,fixed,210,website,/ops/businesses?branch=4f317565-8ae0-41af-833f-9fd5e87a67c0
f658b08d-97c7-4eed-981d-17b00fae9b08,4f317565-8ae0-41af-833f-9fd5e87a67c0,"Oly Cosmetics - מרכז לטיפולי פנים וגוף, מוצרי קוסמטיקה",חיפה,haifa,no,Illuminating White קרם הבהרה,product,review,hair-salons,,fixed,420,website,/ops/businesses?branch=4f317565-8ae0-41af-833f-9fd5e87a67c0
d23dfca0-a37f-43a3-9a7b-e20ebcb71e1b,4f317565-8ae0-41af-833f-9fd5e87a67c0,"Oly Cosmetics - מרכז לטיפולי פנים וגוף, מוצרי קוסמטיקה",חיפה,haifa,no,RETIN A – סרום הבהרה,product,review,hair-salons,,fixed,458,website,/ops/businesses?branch=4f317565-8ae0-41af-833f-9fd5e87a67c0
61388654-1532-4a06-89ad-5299d2816a50,4f317565-8ae0-41af-833f-9fd5e87a67c0,"Oly Cosmetics - מרכז לטיפולי פנים וגוף, מוצרי קוסמטיקה",חיפה,haifa,no,אזלוטריט קרם לעור בעייתי,product,review,,,fixed,350,website,/ops/businesses?branch=4f317565-8ae0-41af-833f-9fd5e87a67c0
7c58fa5c-1d05-4280-8143-97663127060b,4f317565-8ae0-41af-833f-9fd5e87a67c0,"Oly Cosmetics - מרכז לטיפולי פנים וגוף, מוצרי קוסמטיקה",חיפה,haifa,no,אלפא בטא רטינול מארז התחדשות,product,review,,,fixed,890,website,/ops/businesses?branch=4f317565-8ae0-41af-833f-9fd5e87a67c0
dc396321-dff4-456a-b141-86e73e3b96cb,4f317565-8ae0-41af-833f-9fd5e87a67c0,"Oly Cosmetics - מרכז לטיפולי פנים וגוף, מוצרי קוסמטיקה",חיפה,haifa,no,באלנסר קרם,product,review,,,fixed,87,website,/ops/businesses?branch=4f317565-8ae0-41af-833f-9fd5e87a67c0
d7938df8-ec19-4e60-a64f-b3b93dd59a77,4f317565-8ae0-41af-833f-9fd5e87a67c0,"Oly Cosmetics - מרכז לטיפולי פנים וגוף, מוצרי קוסמטיקה",חיפה,haifa,no,וואן סולושיין סרום,product,review,,,fixed,442,website,/ops/businesses?branch=4f317565-8ae0-41af-833f-9fd5e87a67c0
df472146-1be4-4add-8f38-b6a798d09db5,4f317565-8ae0-41af-833f-9fd5e87a67c0,"Oly Cosmetics - מרכז לטיפולי פנים וגוף, מוצרי קוסמטיקה",חיפה,haifa,no,ווייט ברייט קרם הבהרה – סחלב,product,review,hair-salons,,on_request,,website,/ops/businesses?branch=4f317565-8ae0-41af-833f-9fd5e87a67c0
c32e1b97-df30-473b-a046-cf9be65bf2ef,4f317565-8ae0-41af-833f-9fd5e87a67c0,"Oly Cosmetics - מרכז לטיפולי פנים וגוף, מוצרי קוסמטיקה",חיפה,haifa,no,מארז טיפוח ביתי לעור שמן אקנתי,product,review,,,fixed,280,website,/ops/businesses?branch=4f317565-8ae0-41af-833f-9fd5e87a67c0
053be685-9105-4482-8bd5-a247ab032b93,4f317565-8ae0-41af-833f-9fd5e87a67c0,"Oly Cosmetics - מרכז לטיפולי פנים וגוף, מוצרי קוסמטיקה",חיפה,haifa,no,מוצרי אנטי אייג'ינג,product,review,facials,,on_request,,website,/ops/businesses?branch=4f317565-8ae0-41af-833f-9fd5e87a67c0
70e2eadf-8dd1-4798-a5ad-bcdd896a9b72,4f317565-8ae0-41af-833f-9fd5e87a67c0,"Oly Cosmetics - מרכז לטיפולי פנים וגוף, מוצרי קוסמטיקה",חיפה,haifa,no,סט טיפולי להבהרה אינטימית,product,review,hair-salons,,on_request,,website,/ops/businesses?branch=4f317565-8ae0-41af-833f-9fd5e87a67c0
39653226-333b-469e-9046-fc0e43b55c73,4f317565-8ae0-41af-833f-9fd5e87a67c0,"Oly Cosmetics - מרכז לטיפולי פנים וגוף, מוצרי קוסמטיקה",חיפה,haifa,no,סט טיפולי עם חומצה היאלורונית,product,review,medical-aesthetics,,on_request,,website,/ops/businesses?branch=4f317565-8ae0-41af-833f-9fd5e87a67c0
a5aced87-fffb-4b1e-991a-985284c8095b,4f317565-8ae0-41af-833f-9fd5e87a67c0,"Oly Cosmetics - מרכז לטיפולי פנים וגוף, מוצרי קוסמטיקה",חיפה,haifa,no,סרום מרוכז לטיפול בכתמים וחוסר אחידות בגוון העור,product,review,facials,,on_request,,website,/ops/businesses?branch=4f317565-8ae0-41af-833f-9fd5e87a67c0
b2577f3a-4842-40ff-b359-65a80d376ed9,4f317565-8ae0-41af-833f-9fd5e87a67c0,"Oly Cosmetics - מרכז לטיפולי פנים וגוף, מוצרי קוסמטיקה",חיפה,haifa,no,ערכת הבהרה אינטימית,product,review,hair-salons,,on_request,,website,/ops/businesses?branch=4f317565-8ae0-41af-833f-9fd5e87a67c0
20b1ab17-a1cf-40eb-829a-9f6c1e6d931d,4f317565-8ae0-41af-833f-9fd5e87a67c0,"Oly Cosmetics - מרכז לטיפולי פנים וגוף, מוצרי קוסמטיקה",חיפה,haifa,no,קרם הבהרה עוצמתי,product,review,hair-salons,,on_request,,website,/ops/businesses?branch=4f317565-8ae0-41af-833f-9fd5e87a67c0
1cefdb1d-60ba-4965-8172-478fa3bde9ef,4f317565-8ae0-41af-833f-9fd5e87a67c0,"Oly Cosmetics - מרכז לטיפולי פנים וגוף, מוצרי קוסמטיקה",חיפה,haifa,no,קרם הבהרה עוצמתי לסינרגיה מרכיבים פעילים,product,review,hair-salons,,on_request,,website,/ops/businesses?branch=4f317565-8ae0-41af-833f-9fd5e87a67c0
67f6a309-9da6-4738-b70a-7159e5d6665f,4f317565-8ae0-41af-833f-9fd5e87a67c0,"Oly Cosmetics - מרכז לטיפולי פנים וגוף, מוצרי קוסמטיקה",חיפה,haifa,no,קרם עיניים מומלץ עם חומצה היאלורונית,product,review,medical-aesthetics,,on_request,,website,/ops/businesses?branch=4f317565-8ae0-41af-833f-9fd5e87a67c0
fa54fe0f-99e9-4d81-8899-b9ca680a89ea,4f317565-8ae0-41af-833f-9fd5e87a67c0,"Oly Cosmetics - מרכז לטיפולי פנים וגוף, מוצרי קוסמטיקה",חיפה,haifa,no,קרם פעיל לאקנה,product,review,facials,,on_request,,website,/ops/businesses?branch=4f317565-8ae0-41af-833f-9fd5e87a67c0
f08e9aab-5775-426d-90ad-e5ad6683b7ba,4f317565-8ae0-41af-833f-9fd5e87a67c0,"Oly Cosmetics - מרכז לטיפולי פנים וגוף, מוצרי קוסמטיקה",חיפה,haifa,no,“אושר” – תחליב מיצוק עיניים,product,review,,,fixed,154,website,/ops/businesses?branch=4f317565-8ae0-41af-833f-9fd5e87a67c0
d69cae09-d305-4f9f-9a42-9995756fa21d,2f33a115-db5f-4848-9b0c-2c2508110d13,PYON BEAUTY ZONE,חיפה,haifa,no,Shampoo & conditioning,product,review,,,on_request,,website,/ops/businesses?branch=2f33a115-db5f-4848-9b0c-2c2508110d13
2a7392a9-2e32-49c4-9eef-a6c7f9e19677,7f01f930-97a5-4bc9-a4ec-bac6e01cb8f0,Premium Beauty,חיפה,haifa,no,Shampoo & conditioning,product,review,,,on_request,,website,/ops/businesses?branch=7f01f930-97a5-4bc9-a4ec-bac6e01cb8f0
81948ba6-8fc7-485f-9f30-c988a6a2b5c0,b62b3b28-e109-48f6-ae9b-57b9c437d7d1,Premium Beauty Center,חיפה,haifa,no,косметолог,function_word,review,,,on_request,,website,/ops/businesses?branch=b62b3b28-e109-48f6-ae9b-57b9c437d7d1
6d0b43fa-8ad9-4e9d-b53a-731b02ee83bd,fbf7b660-ab28-41a7-9061-b21e2685803e,Ruchla Cosmetics,חיפה,haifa,no,אנו מזמינים אותך להתקשר עוד היום לתיאום פגישת ייעוץ .,sentence,would hide with --confirm,,,free,0,website,/ops/businesses?branch=fbf7b660-ab28-41a7-9061-b21e2685803e
9a75d928-cca8-4817-9b8f-1696f2b5ca25,19983aee-b4dd-4e71-b29f-a26bab9a53df,Sol Clinics,חיפה,haifa,no,Прессотерапия,function_word,review,,,on_request,,website,/ops/businesses?branch=19983aee-b4dd-4e71-b29f-a26bab9a53df
cdf93984-343c-42a9-a8dd-b684f5ac2176,f01c0d3e-f6ae-46b3-820b-fc1ecc424158,ValentinaCosmetic,חיפה,haifa,no,Фотоомоложение,function_word,review,,,fixed,400,website,/ops/businesses?branch=f01c0d3e-f6ae-46b3-820b-fc1ecc424158
7041e656-fd1e-4eae-b600-52e9e57b8082,f01c0d3e-f6ae-46b3-820b-fc1ecc424158,ValentinaCosmetic,חיפה,haifa,no,Фотоэпиляция,function_word,review,,,fixed,50,website,/ops/businesses?branch=f01c0d3e-f6ae-46b3-820b-fc1ecc424158
cbbf487c-621d-4b8a-a656-2a3920f92786,cfbed9e7-b435-4986-bbee-1f7a0b991dba,אברמסקי - המרכז לבריאות השיער בחיפה,חיפה,haifa,no,Трихолог,function_word,review,,,fixed,100,website,/ops/businesses?branch=cfbed9e7-b435-4986-bbee-1f7a0b991dba
f3d39df2-2aa4-4a40-bea5-1497bfcd5b19,57f16419-fdda-4608-8e6e-24bef1580b21,ביו סקלפצ'ר ישראל BIO SCULPTURE IL,חיפה,haifa,no,קורס ביו מלא,package,review,,,on_request,,website,/ops/businesses?branch=57f16419-fdda-4608-8e6e-24bef1580b21
1901590a-d468-489b-8e5c-4b10572da982,57f16419-fdda-4608-8e6e-24bef1580b21,ביו סקלפצ'ר ישראל BIO SCULPTURE IL,חיפה,haifa,no,קורס בניית ציפורניים מריחת לק - ג'ל איבו EVO,package,review,nails,,on_request,,website,/ops/businesses?branch=57f16419-fdda-4608-8e6e-24bef1580b21
66321003-65c6-4bfe-b369-163c59ed2b76,57f16419-fdda-4608-8e6e-24bef1580b21,ביו סקלפצ'ר ישראל BIO SCULPTURE IL,חיפה,haifa,no,קורס עיצוב ושיקום גבות טבעיות,package,review,,,on_request,,website,/ops/businesses?branch=57f16419-fdda-4608-8e6e-24bef1580b21
6d5ed0f8-ef4b-486a-8c85-1376ac750a1d,57f16419-fdda-4608-8e6e-24bef1580b21,ביו סקלפצ'ר ישראל BIO SCULPTURE IL,חיפה,haifa,no,קורס פדיקור מקצועי,package,review,nails,,on_request,,website,/ops/businesses?branch=57f16419-fdda-4608-8e6e-24bef1580b21
52955df7-6914-439a-aecc-bd6997e39a3d,57f16419-fdda-4608-8e6e-24bef1580b21,ביו סקלפצ'ר ישראל BIO SCULPTURE IL,חיפה,haifa,no,קורס פדיקור קוסמטי,package,review,nails,,on_request,,website,/ops/businesses?branch=57f16419-fdda-4608-8e6e-24bef1580b21
31222e59-5f76-4e64-ad52-477d62f29bfb,9652a052-c1e2-4ad8-8251-75eee658e7ef,"ד""ר תמיר גיל - מומחה בכירורגיה פלסטית בחיפה ובקריות",חיפה,haifa,no,חבילת אנטי אייג'ינג,package,review,facials,,on_request,,website,/ops/businesses?branch=9652a052-c1e2-4ad8-8251-75eee658e7ef
04e78656-bab5-4420-bc30-00a4eda4d90a,477fabbc-5ea5-4a6f-8055-8c6ed7dbc925,המספריים של אנג'י,חיפה,haifa,no,Shampoo & conditioning,product,review,,,on_request,,website,/ops/businesses?branch=477fabbc-5ea5-4a6f-8055-8c6ed7dbc925
b63966e4-d656-4606-8c3c-4ab1b3cb41c7,52bda819-5706-4dcb-b46a-0f844c079068,לירון רום - קליניקה לעיצוב גבות,חיפה,haifa,no,קורס הרמת גבות,package,review,,,on_request,,website,/ops/businesses?branch=52bda819-5706-4dcb-b46a-0f844c079068
dc513818-b0f5-4bb5-b394-291c782e24f5,52bda819-5706-4dcb-b46a-0f844c079068,לירון רום - קליניקה לעיצוב גבות,חיפה,haifa,no,קורס עיצוב גבות,package,review,brows-lashes,,on_request,,website,/ops/businesses?branch=52bda819-5706-4dcb-b46a-0f844c079068
88e0b699-bcb0-4aa3-9cd0-9810c33e51e5,0be91073-5b5b-4a84-868b-472c142d59e2,פיור סקין – טיפולי קוסמטיקה מתקדמים,חיפה,haifa,no,"בפיגמנטציה,",sentence,would hide with --confirm,facials,,on_request,,website,/ops/businesses?branch=0be91073-5b5b-4a84-868b-472c142d59e2
d0773ff5-90f4-4580-ac27-168b8357c8a7,5a0248fb-8abb-4cd6-9c86-c0658445b9e3,פלמינגו ספא בחיפה ️ | חבילות ספא בחיפה ובצפון | עיסוי בחיפה | ספא ראש |אמבטיית קרח | Flamingo Spa Haifa‏,חיפה,haifa,no,חבילות בפלמינגו ספא חיפה,package,review,spa-massage,,on_request,,website,/ops/businesses?branch=5a0248fb-8abb-4cd6-9c86-c0658445b9e3
2756de0a-6e6f-4521-ae8d-dbebe8894743,5a0248fb-8abb-4cd6-9c86-c0658445b9e3,פלמינגו ספא בחיפה ️ | חבילות ספא בחיפה ובצפון | עיסוי בחיפה | ספא ראש |אמבטיית קרח | Flamingo Spa Haifa‏,חיפה,haifa,no,חבילות לינה,package,review,,,on_request,,website,/ops/businesses?branch=5a0248fb-8abb-4cd6-9c86-c0658445b9e3
4a9c1973-8d53-4454-8bb4-38797bdb4e2e,5a0248fb-8abb-4cd6-9c86-c0658445b9e3,פלמינגו ספא בחיפה ️ | חבילות ספא בחיפה ובצפון | עיסוי בחיפה | ספא ראש |אמבטיית קרח | Flamingo Spa Haifa‏,חיפה,haifa,no,חבילות ספא,package,review,spa-massage,,on_request,,website,/ops/businesses?branch=5a0248fb-8abb-4cd6-9c86-c0658445b9e3
062bdd60-6b8a-4209-a3fa-8a5124f43330,5a0248fb-8abb-4cd6-9c86-c0658445b9e3,פלמינגו ספא בחיפה ️ | חבילות ספא בחיפה ובצפון | עיסוי בחיפה | ספא ראש |אמבטיית קרח | Flamingo Spa Haifa‏,חיפה,haifa,no,חבילות פלמינגו ספא,package,review,spa-massage,,on_request,,website,/ops/businesses?branch=5a0248fb-8abb-4cd6-9c86-c0658445b9e3
dc1f3b84-9cdd-434f-ae83-209d9f83a51b,5a0248fb-8abb-4cd6-9c86-c0658445b9e3,פלמינגו ספא בחיפה ️ | חבילות ספא בחיפה ובצפון | עיסוי בחיפה | ספא ראש |אמבטיית קרח | Flamingo Spa Haifa‏,חיפה,haifa,no,חבילת לינה,package,review,,,on_request,,website,/ops/businesses?branch=5a0248fb-8abb-4cd6-9c86-c0658445b9e3
1ec61322-53cf-4e49-96d3-f4cefb50ede3,5a0248fb-8abb-4cd6-9c86-c0658445b9e3,פלמינגו ספא בחיפה ️ | חבילות ספא בחיפה ובצפון | עיסוי בחיפה | ספא ראש |אמבטיית קרח | Flamingo Spa Haifa‏,חיפה,haifa,no,חדר ליום,product,review,,,on_request,,website,/ops/businesses?branch=5a0248fb-8abb-4cd6-9c86-c0658445b9e3
549dca0d-1431-4f25-bf6f-10660a7265f0,d7744b88-2c1a-4b54-bfaa-29c598488716,"קוסמטיקאית, אלקטרולוג, עיסוי פנים Косметология, массаж лица, World_tali",חיפה,haifa,no,Микронидлинг,function_word,review,,,fixed,270,website,/ops/businesses?branch=d7744b88-2c1a-4b54-bfaa-29c598488716
1dc26f67-4ade-48b2-b2d9-e3e9621da64d,d7744b88-2c1a-4b54-bfaa-29c598488716,"קוסמטיקאית, אלקטרולוג, עיסוי פנים Косметология, массаж лица, World_tali",חיפה,haifa,no,ЭлектроЭпиляция,function_word,review,,,fixed,5,website,/ops/businesses?branch=d7744b88-2c1a-4b54-bfaa-29c598488716
49f88002-aace-4b9a-9cfa-26844608b2aa,b53c6ed4-c2d9-4b13-a9d6-7678ac700e2b,סי אמסלם,טירת כרמל,haifa,no,קורס מיקרובליידינג,package,review,permanent-makeup,,on_request,,website,/ops/businesses?branch=b53c6ed4-c2d9-4b13-a9d6-7678ac700e2b
6ed810d5-00db-4e6c-870c-374c50a8e12a,c577dbf3-a093-442b-9acd-f76012d1353f,Rami Hair,ירושלים,jerusalem,no,Shampoo,product,review,,,on_request,,website,/ops/businesses?branch=c577dbf3-a093-442b-9acd-f76012d1353f
7ce57bfa-ad01-4cab-bfef-650924e900f9,c577dbf3-a093-442b-9acd-f76012d1353f,Rami Hair,ירושלים,jerusalem,no,Shampoo & conditioning,product,review,,,on_request,,website,/ops/businesses?branch=c577dbf3-a093-442b-9acd-f76012d1353f
1681ff47-58fc-4b03-abef-40389d2e4a57,00e475b3-1256-4719-9452-609212b20416,Sharon Cosmetics,ירושלים,jerusalem,no,חנות מוצרי קוסמטיקה,product,review,,,on_request,,website,/ops/businesses?branch=00e475b3-1256-4719-9452-609212b20416
450949f6-b0f0-4e8f-a51e-ae29687295bf,de64b0a4-2b73-44bf-88f8-335e5b51a6e3,Shlomi Sun,ירושלים,jerusalem,no,מוצרי שיזוף,product,review,tanning,,on_request,,website,/ops/businesses?branch=de64b0a4-2b73-44bf-88f8-335e5b51a6e3
b402633a-195c-4c04-8012-bf47904cffde,8a11633e-439d-4131-8978-9909f8f2969f,ערן לוי ספר,ירושלים,jerusalem,no,קורסים בספרות,package,review,,,on_request,,website,/ops/businesses?branch=8a11633e-439d-4131-8978-9909f8f2969f
6b98bb7f-ed79-4e5d-a28c-a7e4b4550727,085b6a39-9a43-414f-ba1c-aaa22eb6e63c,פרסי קוסמטיקה - ירושלים,ירושלים,jerusalem,no,עלות סדרת 3 טיפולים,package,review,,,package,3000,website,/ops/businesses?branch=085b6a39-9a43-414f-ba1c-aaa22eb6e63c
2c6802d3-c7df-46d0-97ea-c7306e72e170,085b6a39-9a43-414f-ba1c-aaa22eb6e63c,פרסי קוסמטיקה - ירושלים,ירושלים,jerusalem,no,עלות סדרת 5 טיפולים,package,review,,,package,3500,website,/ops/businesses?branch=085b6a39-9a43-414f-ba1c-aaa22eb6e63c
c1b14382-cc7b-4851-a976-c874b27c1557,e5734a5b-55e5-4654-9374-9c533731d265,Orit Levy Cosmetics,מבשרת ציון,jerusalem,no,קורסים לעיצוב גבות,package,review,brows-lashes,,on_request,,website,/ops/businesses?branch=e5734a5b-55e5-4654-9374-9c533731d265
524869df-4279-4273-bee8-02a065bcaf46,f519049e-b3ab-4dd0-91c4-b4f944cef39c,LA CLÍNICA,נהריה,north,no,"ייעוץ ראשוני תאום מהיר ב-WhatsApp נהריה, צפון ישראל",sentence,would hide with --confirm,,,free,0,website,/ops/businesses?branch=f519049e-b3ab-4dd0-91c4-b4f944cef39c
1f99a454-f110-447a-ade9-8fabd80081dd,f519049e-b3ab-4dd0-91c4-b4f944cef39c,LA CLÍNICA,נהריה,north,no,ייעוץ ראשוני תוצאות טבעיות התאמה אישית,sentence,would hide with --confirm,,,free,0,website,/ops/businesses?branch=f519049e-b3ab-4dd0-91c4-b4f944cef39c
40f061ab-f961-472d-a227-e798f685701b,0dc89d04-4269-4f7c-96ca-df421920dbf1,magical care yaniv azran,נהריה,north,no,לקביעת תור לייעוץ לגלות איך לקבל עור זוהר ובריא,sentence,would hide with --confirm,,,free,0,website,/ops/businesses?branch=0dc89d04-4269-4f7c-96ca-df421920dbf1
1455392f-1876-44fc-8e2b-0f4f2e51715a,23b14542-a951-4680-94fe-77ed146bce0f,מימו - מכון היופי הלבנוני,נהריה,north,no,"המעניקה טיפולי פנים משקמים,",sentence,would hide with --confirm,facials,,on_request,,website,/ops/businesses?branch=23b14542-a951-4680-94fe-77ed146bce0f
5acc1ca0-a269-4335-881f-bb8007488719,c879aafa-4713-409f-bba6-b630b511b6f4,מרינה קוסמטיקס,נהריה,north,no,מכירה מוצרי קוסמטיקה,product,review,,,on_request,,website,/ops/businesses?branch=c879aafa-4713-409f-bba6-b630b511b6f4
91427f7b-df6f-4ac7-95c8-6bf64bdcb645,6baaa354-09dd-4a30-9cdd-254aa7dbe477,AN.GEL BEAUTY BOUTIQUE,נתניה,sharon,no,карбокситерапия,function_word,review,,,on_request,,website,/ops/businesses?branch=6baaa354-09dd-4a30-9cdd-254aa7dbe477
e5995347-4f44-4f48-bab5-c79987477e52,f7b321ea-05f4-484f-b3c8-a546484e8ebe,"Dr. Tatiana Ishai / ד""ר טטיאנה ישי / רפואה אסתטית / קוסמטיקאית נתניה",נתניה,sharon,no,инъекции,function_word,review,,,on_request,,website,/ops/businesses?branch=f7b321ea-05f4-484f-b3c8-a546484e8ebe
34bf53c9-4505-4f10-a6d1-15ffd152c762,b4d20139-068b-430d-a18c-e425af019fbd,Esthetic lab,נתניה,sharon,no,Лечение,function_word,review,,,on_request,,website,/ops/businesses?branch=b4d20139-068b-430d-a18c-e425af019fbd
f68ee14a-0ea3-4261-b958-211c50572c5d,b4d20139-068b-430d-a18c-e425af019fbd,Esthetic lab,נתניה,sharon,no,Морщины,function_word,review,,,on_request,,website,/ops/businesses?branch=b4d20139-068b-430d-a18c-e425af019fbd
3f850bd6-59dc-482e-81e8-eff478522e55,b4d20139-068b-430d-a18c-e425af019fbd,Esthetic lab,נתניה,sharon,no,Пигментация,function_word,review,,,on_request,,website,/ops/businesses?branch=b4d20139-068b-430d-a18c-e425af019fbd
23b8ce23-a07d-47cc-b804-a86f57206f9b,b4d20139-068b-430d-a18c-e425af019fbd,Esthetic lab,נתניה,sharon,no,Пилинги,function_word,review,,,on_request,,website,/ops/businesses?branch=b4d20139-068b-430d-a18c-e425af019fbd
30603e7a-2da4-40ee-a41b-1c1da3ef4fe2,b4d20139-068b-430d-a18c-e425af019fbd,Esthetic lab,נתניה,sharon,no,Шрамы,function_word,review,,,on_request,,website,/ops/businesses?branch=b4d20139-068b-430d-a18c-e425af019fbd
f4bf53c1-515f-4368-a805-32ddd58e3708,b4d20139-068b-430d-a18c-e425af019fbd,Esthetic lab,נתניה,sharon,no,טיפול בצלקות פוסט אקנה ב 5 מפגשים,package,review,facials,,on_request,,website,/ops/businesses?branch=b4d20139-068b-430d-a18c-e425af019fbd
fcd8ebff-b7de-4a00-88b1-295b6b787296,d2a7ede3-6c74-4058-bf46-0c97454381dc,Jessica Beauty Experiences,נתניה,sharon,no,הסרת שיער מקצועית עם מוצרים איכותיים,product,review,hair-removal,,on_request,,website,/ops/businesses?branch=d2a7ede3-6c74-4058-bf46-0c97454381dc
dc9981b3-47ba-4c8b-9a25-bfdf6ecd8ef9,2205e359-d2e7-410a-b77e-d01ac6aeb05b,M.Beauty,נתניה,sharon,no,Shampoo & conditioning,product,review,,,on_request,,website,/ops/businesses?branch=2205e359-d2e7-410a-b77e-d01ac6aeb05b
5aafcd9f-f49b-4b33-8b62-95ccdd307725,4ce7564b-7c3c-4c2c-b98a-4286a0bbce5a,Natalia Shatilo skin expert,נתניה,sharon,no,oт,function_word,review,,,fixed,200,website,/ops/businesses?branch=4ce7564b-7c3c-4c2c-b98a-4286a0bbce5a
6a2cd57b-49e0-4752-94fc-b901e5f4bf81,1944347e-8b37-42a0-84b6-27814bcbc370,אורלי ברטלר - קליניקה לקוסמטיקה ואסתטיקה,נתניה,sharon,no,לחות אינטנסיבית – מוצרים המכילים חומצה היאלורונית וסרמידים.,product,review,medical-aesthetics,,on_request,,website,/ops/businesses?branch=1944347e-8b37-42a0-84b6-27814bcbc370
95b438aa-7bf7-4147-b6cc-294baf30ea88,231149f6-0672-4876-a110-78b9b6e006e8,בוסטון קליניק,נתניה,sharon,no,סדרת טיפולים (מומלץ 2-3 טיפולים),package,review,,,package,5000,website,/ops/businesses?branch=231149f6-0672-4876-a110-78b9b6e006e8
ebf8120d-4a7a-4c39-9d29-b5d3457181ec,e9800d5f-d2d9-4ed6-84a0-7709a73e8123,ביוטי קליניק נתניה,נתניה,sharon,no,"סדרת טיפולים בשילוב PRP, בהתאמה אישית, לתוצאות מיטביות.",package,review,medical-aesthetics,,on_request,,website,/ops/businesses?branch=e9800d5f-d2d9-4ed6-84a0-7709a73e8123
ea03c9d3-0148-48af-8d7f-9005315c4c5f,35f921c0-fa05-431e-a420-9ff627f16f2c,קליניקה הילסקין,נתניה,sharon,no,מוצרים K.B PURE,product,review,,,on_request,,website,/ops/businesses?branch=35f921c0-fa05-431e-a420-9ff627f16f2c
a44e96da-bf0a-46ee-8f35-7be6d5f40203,e7a7ede1-2590-4d64-9f3f-ce0893975d6d,פרו אסתטיקס טיפולים אסתטיים מתקדמים צפת,צפת,north,no,"זאת שמחליפה את הניתוחים הפלסטיים,",sentence,would hide with --confirm,,,on_request,,website,/ops/businesses?branch=e7a7ede1-2590-4d64-9f3f-ce0893975d6d
2bcc88a9-4ade-446d-8d06-57fb2ba1dc19,86ec4f42-11cd-4b56-832c-00f97f05ebf0,בני ואתי אמינוב,קריית אונו,dan,no,"טיפולי פנים לכל סוגי העור,",sentence,would hide with --confirm,facials,,on_request,,website,/ops/businesses?branch=86ec4f42-11cd-4b56-832c-00f97f05ebf0
f1719538-63f6-4dad-98cb-a919fd28a927,e3743894-d945-47aa-8be5-e1b6794064b7,abiglam,רחובות,shfela,no,קורס הרמת ריסים,package,review,brows-lashes,,on_request,,website,/ops/businesses?branch=e3743894-d945-47aa-8be5-e1b6794064b7
d54274c1-5e96-4402-bb57-a6ea04298245,de2484af-3b05-444a-8ab2-0bb0c9890d1b,איפור קבוע לימור לוין,רחובות,shfela,no,מוצרים לאיפור קבוע,product,review,permanent-makeup,,on_request,,website,/ops/businesses?branch=de2484af-3b05-444a-8ab2-0bb0c9890d1b
28471444-f257-47f3-8fa1-1f7fc599e883,de2484af-3b05-444a-8ab2-0bb0c9890d1b,איפור קבוע לימור לוין,רחובות,shfela,no,קורס איפור קבוע,package,review,permanent-makeup,,on_request,,website,/ops/businesses?branch=de2484af-3b05-444a-8ab2-0bb0c9890d1b
bc38ab31-47c9-493e-9159-34d58b87f2b7,de2484af-3b05-444a-8ab2-0bb0c9890d1b,איפור קבוע לימור לוין,רחובות,shfela,no,קורס הדבקת ריסים,package,review,brows-lashes,,on_request,,website,/ops/businesses?branch=de2484af-3b05-444a-8ab2-0bb0c9890d1b
1a7c50d3-a842-46a9-8954-0ddcf875f85b,de2484af-3b05-444a-8ab2-0bb0c9890d1b,איפור קבוע לימור לוין,רחובות,shfela,no,קורס הרמת ריסים,package,review,brows-lashes,,on_request,,website,/ops/businesses?branch=de2484af-3b05-444a-8ab2-0bb0c9890d1b
0359d2ce-879a-4904-a244-944281ac2474,de2484af-3b05-444a-8ab2-0bb0c9890d1b,איפור קבוע לימור לוין,רחובות,shfela,no,קורס עיצוב גבות,package,review,brows-lashes,,on_request,,website,/ops/businesses?branch=de2484af-3b05-444a-8ab2-0bb0c9890d1b
1f16021e-6b1f-4030-8fb6-244a3bd1f2d0,a744997d-ef19-4d22-94ae-59f854aa8e2c,איריס פרחן - איריס ניילס - לק ג'ל ונליסה ריו קויו Iris Nails | VENALISA KOYO RIO,רחובות,shfela,no,מוצרים מקצועיים לטיפוח ויופי,product,review,,,on_request,,website,/ops/businesses?branch=a744997d-ef19-4d22-94ae-59f854aa8e2c
6c0f4650-f04b-4593-98b8-6730a1069cd6,a744997d-ef19-4d22-94ae-59f854aa8e2c,איריס פרחן - איריס ניילס - לק ג'ל ונליסה ריו קויו Iris Nails | VENALISA KOYO RIO,רחובות,shfela,no,מוצרים עד,product,review,,,fixed,20,website,/ops/businesses?branch=a744997d-ef19-4d22-94ae-59f854aa8e2c
128debc0-6dd8-430c-80e2-cd721e634bd4,c24e37c8-c89c-4577-b88b-08895591589c,ציפורניים - אבי שגיא - קליניקה בריאותית לציפורניים,רחובות,shfela,no,"מנהל קליניקה לטיפול בבעיות ציפורניים,",sentence,would hide with --confirm,nails,,on_request,,website,/ops/businesses?branch=c24e37c8-c89c-4577-b88b-08895591589c
23fa1407-a013-4b09-b5d5-cfe910c052d1,55c8d098-e68e-4f3a-92c2-42e98dd81d91,Deborah Cosmetics,רמת גן,dan,no,"אקנה היא מחלת עור נפוצה,",sentence,would hide with --confirm,facials,,on_request,,website,/ops/businesses?branch=55c8d098-e68e-4f3a-92c2-42e98dd81d91
d8ff6216-18d6-40e5-b24e-44d6dc2feb65,55c8d098-e68e-4f3a-92c2-42e98dd81d91,Deborah Cosmetics,רמת גן,dan,no,"טיפול באקנה, הבהרה ופיגמנטציה,",sentence,would hide with --confirm,hair-salons,,on_request,,website,/ops/businesses?branch=55c8d098-e68e-4f3a-92c2-42e98dd81d91
86b01202-7062-4044-bd1b-2641bf1f687e,55c8d098-e68e-4f3a-92c2-42e98dd81d91,Deborah Cosmetics,רמת גן,dan,no,"טיפולים להצהרת ומיצוק העור, מזותרפיה,",sentence,would hide with --confirm,medical-aesthetics,,on_request,,website,/ops/businesses?branch=55c8d098-e68e-4f3a-92c2-42e98dd81d91
4c0be0f6-24bb-4596-875e-a663a3e43396,55c8d098-e68e-4f3a-92c2-42e98dd81d91,Deborah Cosmetics,רמת גן,dan,no,"לקביעת תור לאבחון וייעוץ ,",sentence,would hide with --confirm,,,free,0,website,/ops/businesses?branch=55c8d098-e68e-4f3a-92c2-42e98dd81d91
6ec72c02-db13-440a-bc84-0a8309b1f128,396b0f47-4c94-4e45-be30-8b32c5299ccb,"ד""ר ללוש - מדע מוכח ליופי שלך",רמת גן,dan,no,נוזל חומצות פעיל – Clear Me Facial Lotion,product,review,facials,,on_request,,website,/ops/businesses?branch=396b0f47-4c94-4e45-be30-8b32c5299ccb
bbb7b40d-af77-40ea-aa38-5ad3e25752eb,396b0f47-4c94-4e45-be30-8b32c5299ccb,"ד""ר ללוש - מדע מוכח ליופי שלך",רמת גן,dan,no,ערכה לטיפול באקנה וסבוריאה,product,review,facials,,on_request,,website,/ops/businesses?branch=396b0f47-4c94-4e45-be30-8b32c5299ccb
5df49358-d765-4ba0-8795-00d760d7b001,396b0f47-4c94-4e45-be30-8b32c5299ccb,"ד""ר ללוש - מדע מוכח ליופי שלך",רמת גן,dan,no,ערכה לטיפול בפיגמנטציה ואנטי-אייג’ינג,product,review,facials,,on_request,,website,/ops/businesses?branch=396b0f47-4c94-4e45-be30-8b32c5299ccb
d8cbc0d2-2dcb-4fdc-a386-4013767965f1,396b0f47-4c94-4e45-be30-8b32c5299ccb,"ד""ר ללוש - מדע מוכח ליופי שלך",רמת גן,dan,no,קרם לחות פעיל – Refresh Me Facial Cream,product,review,facials,,on_request,,website,/ops/businesses?branch=396b0f47-4c94-4e45-be30-8b32c5299ccb
310c6726-0b3e-4a24-b560-92fec7e11212,396b0f47-4c94-4e45-be30-8b32c5299ccb,"ד""ר ללוש - מדע מוכח ליופי שלך",רמת גן,dan,no,קרם לילה פעיל – Revive Me Facial Cream,product,review,facials,,on_request,,website,/ops/businesses?branch=396b0f47-4c94-4e45-be30-8b32c5299ccb
c7336812-0023-4833-97fb-d0b742d56b1d,396b0f47-4c94-4e45-be30-8b32c5299ccb,"ד""ר ללוש - מדע מוכח ליופי שלך",רמת גן,dan,no,תחליב לעור הפנים – Purify Me Facial Lotion,product,review,facials,,on_request,,website,/ops/businesses?branch=396b0f47-4c94-4e45-be30-8b32c5299ccb
0b77b026-b1b4-4105-b326-cc2b63af1b09,5f2f81a4-0f17-4aad-b614-af060b99b052,PrettyRiss Academy קורס הלחמת ריסים | קורס הרמת ריסים,רמת השרון,sharon,no,קורס הלחמת ריסים,package,review,brows-lashes,,on_request,,website,/ops/businesses?branch=5f2f81a4-0f17-4aad-b614-af060b99b052
ac6f57c1-c3b8-4ee1-b1ea-0f850943b172,5f2f81a4-0f17-4aad-b614-af060b99b052,PrettyRiss Academy קורס הלחמת ריסים | קורס הרמת ריסים,רמת השרון,sharon,no,קורס הרמת גבות,package,review,,,on_request,,website,/ops/businesses?branch=5f2f81a4-0f17-4aad-b614-af060b99b052
b0a48a6c-e7eb-411c-9b25-8e52f05975d7,5f2f81a4-0f17-4aad-b614-af060b99b052,PrettyRiss Academy קורס הלחמת ריסים | קורס הרמת ריסים,רמת השרון,sharon,no,קורס הרמת ריסים,package,review,brows-lashes,,on_request,,website,/ops/businesses?branch=5f2f81a4-0f17-4aad-b614-af060b99b052
0bb85cd0-e212-46c6-b114-90ea21deb44e,2ed585c3-f1d9-4baf-bedf-32d8d75aec6f,Adis place- עדי בוטיק קוסמטיקאית והסרת שיער בלייזר תל אביב,תל אביב–יפו,dan,no,התאמת מוצרי קוסמטיקה,product,review,,,on_request,,website,/ops/businesses?branch=2ed585c3-f1d9-4baf-bedf-32d8d75aec6f
9e7ff3db-8af1-4d20-8e5c-1e9c9e9695eb,2ed585c3-f1d9-4baf-bedf-32d8d75aec6f,Adis place- עדי בוטיק קוסמטיקאית והסרת שיער בלייזר תל אביב,תל אביב–יפו,dan,no,טיפולי פנים עם מוצרים מבית ביו פפטיקס,product,review,facials,,on_request,,website,/ops/businesses?branch=2ed585c3-f1d9-4baf-bedf-32d8d75aec6f
72f6697c-1ad1-4c8c-bd16-38482f892478,2ed585c3-f1d9-4baf-bedf-32d8d75aec6f,Adis place- עדי בוטיק קוסמטיקאית והסרת שיער בלייזר תל אביב,תל אביב–יפו,dan,no,מוצרי ביו פפטיקס,product,review,,,on_request,,website,/ops/businesses?branch=2ed585c3-f1d9-4baf-bedf-32d8d75aec6f
727e6e56-bc89-4824-ac54-2347668cb5ae,bac3185f-909b-482e-8fd5-1484b426acd0,BUBA beauty space,תל אביב–יפו,dan,no,Shampoo & conditioning,product,review,,,on_request,,website,/ops/businesses?branch=bac3185f-909b-482e-8fd5-1484b426acd0
96653bc1-7ec3-4cf6-95bd-1c508dc914d9,960f825a-daf1-4751-833f-e798cc293459,Horizon Spa,תל אביב–יפו,dan,no,קורס עיסוי שוודי,package,review,spa-massage,,on_request,,website,/ops/businesses?branch=960f825a-daf1-4751-833f-e798cc293459
48d7edfb-b2e8-4340-8dc8-32cbf1c8a736,7cbf57bc-682f-4799-adb8-f07fcd7faf8c,Lavic Beauty & Advanced Cosmetology,תל אביב–יפו,dan,no,Shampoo & conditioning,product,review,,,on_request,,website,/ops/businesses?branch=7cbf57bc-682f-4799-adb8-f07fcd7faf8c
7f01fda8-3c9f-492a-99b9-8becb43a7024,8dff0752-72ef-4f8e-8b12-13fd11e2d96e,Love is in the Hair By Ram Solan,תל אביב–יפו,dan,no,Shampoo & conditioning,product,review,,,on_request,,website,/ops/businesses?branch=8dff0752-72ef-4f8e-8b12-13fd11e2d96e
f95cb50c-8b55-41bc-9b7b-8b456b443a79,c97ce44a-ce4d-412a-adeb-44258f3ca251,Or medical cosmetic treatments,תל אביב–יפו,dan,no,אורך הטיפול: - סדרה בת 6 מפגשים,package,review,,,package,250,website,/ops/businesses?branch=c97ce44a-ce4d-412a-adeb-44258f3ca251
29049d9c-c271-43a9-9e29-096b620ff12d,c97ce44a-ce4d-412a-adeb-44258f3ca251,Or medical cosmetic treatments,תל אביב–יפו,dan,no,אורך הטיפול: - סדרה בת 6-10 טיפולים,package,review,,,package,800,website,/ops/businesses?branch=c97ce44a-ce4d-412a-adeb-44258f3ca251
a15634fe-9fe4-4e65-ac57-f4afe37b055e,c97ce44a-ce4d-412a-adeb-44258f3ca251,Or medical cosmetic treatments,תל אביב–יפו,dan,no,אורך הטיפול: - סדרה בת 6-12 טיפולים,package,review,,,package,650,website,/ops/businesses?branch=c97ce44a-ce4d-412a-adeb-44258f3ca251
6e0e9635-6685-4968-8a43-e5b73ba7b546,1983207e-fcbc-44a1-88d5-ed9821777dfa,Sharoomba Cosmetics שרומבה קוסמטיקה,תל אביב–יפו,dan,no,סדרת לייזר אוזניים – 12 טיפולים,package,review,,,package,900,website,/ops/businesses?branch=1983207e-fcbc-44a1-88d5-ed9821777dfa
f5c69317-b8ef-43db-9c32-bc049461d72d,1983207e-fcbc-44a1-88d5-ed9821777dfa,Sharoomba Cosmetics שרומבה קוסמטיקה,תל אביב–יפו,dan,no,סדרת לייזר בתי שחי – 12 טיפולים,package,review,,,package,1200,website,/ops/businesses?branch=1983207e-fcbc-44a1-88d5-ed9821777dfa
45466bb6-d8d0-4351-acd7-e9b939f88426,1983207e-fcbc-44a1-88d5-ed9821777dfa,Sharoomba Cosmetics שרומבה קוסמטיקה,תל אביב–יפו,dan,no,סדרת לייזר גב מלא – 12 טיפולים,package,review,,,package,4000,website,/ops/businesses?branch=1983207e-fcbc-44a1-88d5-ed9821777dfa
7f37bb74-25a1-4dae-a4c4-77a7fc0442ac,1983207e-fcbc-44a1-88d5-ed9821777dfa,Sharoomba Cosmetics שרומבה קוסמטיקה,תל אביב–יפו,dan,no,סדרת לייזר חזה מלא אישה – 12 טיפולים,package,review,,,package,2400,website,/ops/businesses?branch=1983207e-fcbc-44a1-88d5-ed9821777dfa
5ed05bb0-b164-4884-b454-bfad4542c314,1983207e-fcbc-44a1-88d5-ed9821777dfa,Sharoomba Cosmetics שרומבה קוסמטיקה,תל אביב–יפו,dan,no,סדרת לייזר חזה מלא גבר – 12 טיפולים,package,review,,,package,3000,website,/ops/businesses?branch=1983207e-fcbc-44a1-88d5-ed9821777dfa
a4446690-e79c-45c0-891d-5324c61d7b68,1983207e-fcbc-44a1-88d5-ed9821777dfa,Sharoomba Cosmetics שרומבה קוסמטיקה,תל אביב–יפו,dan,no,סדרת לייזר חצי גב תחתון/עליון – 12 טיפולים,package,review,,,package,2000,website,/ops/businesses?branch=1983207e-fcbc-44a1-88d5-ed9821777dfa
fce880fb-1bd8-4a5a-a123-6e0647eee383,1983207e-fcbc-44a1-88d5-ed9821777dfa,Sharoomba Cosmetics שרומבה קוסמטיקה,תל אביב–יפו,dan,no,סדרת לייזר ישבן חיצוני – 12 טיפולים,package,review,,,package,1500,website,/ops/businesses?branch=1983207e-fcbc-44a1-88d5-ed9821777dfa
b72aebb5-ce5a-40b4-bfa1-eff3bb3bc60a,1983207e-fcbc-44a1-88d5-ed9821777dfa,Sharoomba Cosmetics שרומבה קוסמטיקה,תל אביב–יפו,dan,no,סדרת לייזר ישבן פנימי – 12 טיפולים,package,review,,,package,1080,website,/ops/businesses?branch=1983207e-fcbc-44a1-88d5-ed9821777dfa
19ec2f31-57cd-4080-a2a5-7320c9a5a618,1983207e-fcbc-44a1-88d5-ed9821777dfa,Sharoomba Cosmetics שרומבה קוסמטיקה,תל אביב–יפו,dan,no,סדרת לייזר כתפיים אישה – 12 טיפולים,package,review,,,package,1800,website,/ops/businesses?branch=1983207e-fcbc-44a1-88d5-ed9821777dfa
8973cedd-db78-42ad-b929-0ec2db3400b0,1983207e-fcbc-44a1-88d5-ed9821777dfa,Sharoomba Cosmetics שרומבה קוסמטיקה,תל אביב–יפו,dan,no,סדרת לייזר כתפיים גבר – 12 טיפולים,package,review,,,package,2800,website,/ops/businesses?branch=1983207e-fcbc-44a1-88d5-ed9821777dfa
0b2491b0-2b45-44ea-b48e-434609833d00,1983207e-fcbc-44a1-88d5-ed9821777dfa,Sharoomba Cosmetics שרומבה קוסמטיקה,תל אביב–יפו,dan,no,סדרת לייזר לחיים 12 טיפולים,package,review,,,package,1000,website,/ops/businesses?branch=1983207e-fcbc-44a1-88d5-ed9821777dfa
ba98b98a-69ef-4b99-9f45-1fa5abaed14a,1983207e-fcbc-44a1-88d5-ed9821777dfa,Sharoomba Cosmetics שרומבה קוסמטיקה,תל אביב–יפו,dan,no,סדרת לייזר סנטר- 12 טיפולים,package,review,,,package,900,website,/ops/businesses?branch=1983207e-fcbc-44a1-88d5-ed9821777dfa
dc5bd944-267a-42fe-8804-25540d496ce7,1983207e-fcbc-44a1-88d5-ed9821777dfa,Sharoomba Cosmetics שרומבה קוסמטיקה,תל אביב–יפו,dan,no,סדרת לייזר עורף – 12 טיפולים,package,review,,,package,1000,website,/ops/businesses?branch=1983207e-fcbc-44a1-88d5-ed9821777dfa
0d226e23-3832-480b-9967-84e623526674,1983207e-fcbc-44a1-88d5-ed9821777dfa,Sharoomba Cosmetics שרומבה קוסמטיקה,תל אביב–יפו,dan,no,סדרת לייזר פאות – 12 טיפולים,package,review,,,package,900,website,/ops/businesses?branch=1983207e-fcbc-44a1-88d5-ed9821777dfa
4d30df12-2ca2-48ed-94c0-a73900bf56e4,1983207e-fcbc-44a1-88d5-ed9821777dfa,Sharoomba Cosmetics שרומבה קוסמטיקה,תל אביב–יפו,dan,no,סדרת לייזר פטמות – 12 טיפולים,package,review,,,package,1200,website,/ops/businesses?branch=1983207e-fcbc-44a1-88d5-ed9821777dfa
5fb11b7e-8e5c-44c4-80a6-845037737696,1983207e-fcbc-44a1-88d5-ed9821777dfa,Sharoomba Cosmetics שרומבה קוסמטיקה,תל אביב–יפו,dan,no,סדרת לייזר פנים מלאות – 12 טיפולים,package,review,,,package,2200,website,/ops/businesses?branch=1983207e-fcbc-44a1-88d5-ed9821777dfa
5e7c2aa2-250e-44d1-9c2c-67441db17088,1983207e-fcbc-44a1-88d5-ed9821777dfa,Sharoomba Cosmetics שרומבה קוסמטיקה,תל אביב–יפו,dan,no,סדרת לייזר צוואר – 12 טיפולים,package,review,,,package,1000,website,/ops/businesses?branch=1983207e-fcbc-44a1-88d5-ed9821777dfa
b635d459-d26c-459a-becd-4d5b1bfe5d1a,1983207e-fcbc-44a1-88d5-ed9821777dfa,Sharoomba Cosmetics שרומבה קוסמטיקה,תל אביב–יפו,dan,no,סדרת לייזר שפם – 12 טיפולים,package,review,,,package,1000,website,/ops/businesses?branch=1983207e-fcbc-44a1-88d5-ed9821777dfa
01361b93-cd23-42cb-ac7b-38a1eeeb8920,dacc8de0-1f8e-4477-87a2-0a4963319ac2,Yullia,תל אביב–יפו,dan,no,"ברכישת סדרת טיפולים, קבלו טיפול ניקוי עמוק מתנה.",package,review,facials,,on_request,,website,/ops/businesses?branch=dacc8de0-1f8e-4477-87a2-0a4963319ac2
210deae1-412c-4733-9b41-2ce447a9bfb4,dacc8de0-1f8e-4477-87a2-0a4963319ac2,Yullia,תל אביב–יפו,dan,no,טיפול זה כולל חבילה מלאה של מוצרי טיפוח ביתיים,product,review,,,package,5700,website,/ops/businesses?branch=dacc8de0-1f8e-4477-87a2-0a4963319ac2
4dab924a-4853-4956-934f-a1f93e49503e,dacc8de0-1f8e-4477-87a2-0a4963319ac2,Yullia,תל אביב–יפו,dan,no,טיפול זה כולל חבילה מלאה של מוצרים ביתיים,product,review,,,package,2700,website,/ops/businesses?branch=dacc8de0-1f8e-4477-87a2-0a4963319ac2
69ce24a1-0310-4f4d-816b-ac0e25a169d5,976d943f-892f-4dc3-a180-0a45663580f5,yullia King George,תל אביב–יפו,dan,no,"ברכישת סדרת טיפולים, קבלו טיפול ניקוי עמוק מתנה.",package,review,facials,,on_request,,website,/ops/businesses?branch=976d943f-892f-4dc3-a180-0a45663580f5
080c7791-f46b-455b-ab88-c78c7c0e1d95,976d943f-892f-4dc3-a180-0a45663580f5,yullia King George,תל אביב–יפו,dan,no,טיפול זה כולל חבילה מלאה של מוצרי טיפוח ביתיים,product,review,,,package,5700,website,/ops/businesses?branch=976d943f-892f-4dc3-a180-0a45663580f5
6ef0f925-398b-4fb0-bb52-d78580826644,976d943f-892f-4dc3-a180-0a45663580f5,yullia King George,תל אביב–יפו,dan,no,טיפול זה כולל חבילה מלאה של מוצרים ביתיים,product,review,,,package,2700,website,/ops/businesses?branch=976d943f-892f-4dc3-a180-0a45663580f5
2701385b-e9c9-453d-a546-d98216706066,ab1d8481-8948-4cac-8955-7bd1c4e630f1,yullia Tzahala - מומחים בהסרת שיער בלייזר | הזרקות | טיפול פנים | מניקור | פדיקור רפואי,תל אביב–יפו,dan,no,"ברכישת סדרת טיפולים, קבלו טיפול ניקוי עמוק מתנה.",package,review,facials,,on_request,,website,/ops/businesses?branch=ab1d8481-8948-4cac-8955-7bd1c4e630f1
fa6a524f-f9d2-437a-87ee-93bd9422667d,ab1d8481-8948-4cac-8955-7bd1c4e630f1,yullia Tzahala - מומחים בהסרת שיער בלייזר | הזרקות | טיפול פנים | מניקור | פדיקור רפואי,תל אביב–יפו,dan,no,טיפול זה כולל חבילה מלאה של מוצרי טיפוח ביתיים,product,review,,,package,5700,website,/ops/businesses?branch=ab1d8481-8948-4cac-8955-7bd1c4e630f1
c15442f1-4301-466a-b092-11cc2a00f591,ab1d8481-8948-4cac-8955-7bd1c4e630f1,yullia Tzahala - מומחים בהסרת שיער בלייזר | הזרקות | טיפול פנים | מניקור | פדיקור רפואי,תל אביב–יפו,dan,no,טיפול זה כולל חבילה מלאה של מוצרים ביתיים,product,review,,,package,2700,website,/ops/businesses?branch=ab1d8481-8948-4cac-8955-7bd1c4e630f1
59efbb21-b4af-444f-8845-51cc1706ae08,38f43de7-2cc4-47ed-8683-9f8031c3eb42,yullia Yirmeyahu,תל אביב–יפו,dan,no,"ברכישת סדרת טיפולים, קבלו טיפול ניקוי עמוק מתנה.",package,review,facials,,on_request,,website,/ops/businesses?branch=38f43de7-2cc4-47ed-8683-9f8031c3eb42
f7443438-c7b6-4c8e-96dd-1cc09860f3e5,38f43de7-2cc4-47ed-8683-9f8031c3eb42,yullia Yirmeyahu,תל אביב–יפו,dan,no,טיפול זה כולל חבילה מלאה של מוצרי טיפוח ביתיים,product,review,,,package,5700,website,/ops/businesses?branch=38f43de7-2cc4-47ed-8683-9f8031c3eb42
487b7c84-e30d-4617-b4fb-3cececbe6167,38f43de7-2cc4-47ed-8683-9f8031c3eb42,yullia Yirmeyahu,תל אביב–יפו,dan,no,טיפול זה כולל חבילה מלאה של מוצרים ביתיים,product,review,,,package,2700,website,/ops/businesses?branch=38f43de7-2cc4-47ed-8683-9f8031c3eb42
0fd9d31c-64a2-485e-9261-3fabf494f942,48804575-e784-45c7-a79d-6c087329fe49,גיל דורמן - המרכז לטיפולי פיגמנטציה,תל אביב–יפו,dan,no,מחיר,function_word,review,,,fixed,1394,website,/ops/businesses?branch=48804575-e784-45c7-a79d-6c087329fe49
f111df4e-b395-4598-ac2b-11dbee4ab95d,48804575-e784-45c7-a79d-6c087329fe49,גיל דורמן - המרכז לטיפולי פיגמנטציה,תל אביב–יפו,dan,no,ערכת אקנה,product,review,facials,,on_request,,website,/ops/businesses?branch=48804575-e784-45c7-a79d-6c087329fe49
36e8f2a2-59cd-48af-aab9-5b906572ba08,48804575-e784-45c7-a79d-6c087329fe49,גיל דורמן - המרכז לטיפולי פיגמנטציה,תל אביב–יפו,dan,no,ערכת הבהרה,product,review,hair-salons,,on_request,,website,/ops/businesses?branch=48804575-e784-45c7-a79d-6c087329fe49
10af12de-79c4-49a9-9149-089a6437cb35,48804575-e784-45c7-a79d-6c087329fe49,גיל דורמן - המרכז לטיפולי פיגמנטציה,תל אביב–יפו,dan,no,ערכת הבהרה להריון והנקה,product,review,hair-salons,,on_request,,website,/ops/businesses?branch=48804575-e784-45c7-a79d-6c087329fe49
08b96f34-7601-49e9-848f-1bd50a6f2157,5583a955-dc96-4c3b-9d44-3a7500bf06ba,"ד""ר אלי כלב - רפואה אסתטית ללא ניתוח",תל אביב–יפו,dan,no,קרם להבהרה והיפרפיגמנטציה,product,review,hair-salons,,fixed,300,website,/ops/businesses?branch=5583a955-dc96-4c3b-9d44-3a7500bf06ba
def46187-7dee-4455-8936-21eedec12634,5583a955-dc96-4c3b-9d44-3a7500bf06ba,"ד""ר אלי כלב - רפואה אסתטית ללא ניתוח",תל אביב–יפו,dan,no,קרם לנפיחות מתחת לעיניים,product,review,,,fixed,300,website,/ops/businesses?branch=5583a955-dc96-4c3b-9d44-3a7500bf06ba
c35d0046-fa8c-407d-965b-8b7186beb177,cfedd499-1a35-4c61-a48a-61925886df64,דיאנה - בית הספר לעיצוב שיער ומקצועות היופי,תל אביב–יפו,dan,no,"פדיקור קלאסי,פדיקור רפאי,תספורת נשים,",sentence,would hide with --confirm,nails,,on_request,,website,/ops/businesses?branch=cfedd499-1a35-4c61-a48a-61925886df64
370a4188-f612-49de-bf0a-685eb45c0085,cfedd499-1a35-4c61-a48a-61925886df64,דיאנה - בית הספר לעיצוב שיער ומקצועות היופי,תל אביב–יפו,dan,no,קורס מניקור פדיקור,package,review,nails,,on_request,,website,/ops/businesses?branch=cfedd499-1a35-4c61-a48a-61925886df64
24c946cb-7c9c-42ab-b65a-8da6e60aaeb4,cfedd499-1a35-4c61-a48a-61925886df64,דיאנה - בית הספר לעיצוב שיער ומקצועות היופי,תל אביב–יפו,dan,no,קורס ספרות גברים וילדים וברבר,package,review,,,on_request,,website,/ops/businesses?branch=cfedd499-1a35-4c61-a48a-61925886df64
e30dea55-7cbf-49bd-8e36-0081eeb93204,cfedd499-1a35-4c61-a48a-61925886df64,דיאנה - בית הספר לעיצוב שיער ומקצועות היופי,תל אביב–יפו,dan,no,קורסים לספרות נשים ועיצוב שיער,package,review,,,on_request,,website,/ops/businesses?branch=cfedd499-1a35-4c61-a48a-61925886df64
757c7740-6b61-4cc1-8e99-a83fdc26f7a8,758de1cc-ed61-4ff7-97b1-0720b36184a0,"ד״ר אודי ארד, מומחה בניתוחים פלסטיים וטיפולים אסתטיים",תל אביב–יפו,dan,no,רכישת ערכת אובאגי אנטיאייג'ינג,product,review,,,on_request,,website,/ops/businesses?branch=758de1cc-ed61-4ff7-97b1-0720b36184a0
2f7bf6bf-5e67-4f5c-8fdf-8e60d7a5ecbe,2b8e6318-5a0d-4b4d-aaf3-b52b5d94ccab,הקומה של אהובה,תל אביב–יפו,dan,no,מכירת מוצרי קוסמטיקה מובילים,product,review,,,on_request,,website,/ops/businesses?branch=2b8e6318-5a0d-4b4d-aaf3-b52b5d94ccab
491017ef-7a6a-49e9-a6b7-7e926b3a152a,2b8e6318-5a0d-4b4d-aaf3-b52b5d94ccab,הקומה של אהובה,תל אביב–יפו,dan,no,"מכירת מוצרי קוסמטיקה מובילים GUINOT פריז (צרפת), SAL (יפן), REFINITY (ארה""ב).",product,review,,,on_request,,website,/ops/businesses?branch=2b8e6318-5a0d-4b4d-aaf3-b52b5d94ccab
8bd8be46-4238-4c96-aad7-59eef698fb54,d28ebe09-451a-4ae9-ad6c-da08984ceae1,חד וחלק Pini Eliya,תל אביב–יפו,dan,no,Shampoo & conditioning,product,review,,,on_request,,website,/ops/businesses?branch=d28ebe09-451a-4ae9-ad6c-da08984ceae1
d873c3fa-841f-40f2-89cf-0b57d0ec9f01,8af31e3c-a298-4d41-933f-50031782d817,מסודרות,תל אביב–יפו,dan,no,"הסרת עור עודף, קרם, מחזק ולק",product,review,,,fixed,129,website,/ops/businesses?branch=8af31e3c-a298-4d41-933f-50031782d817
d58e492d-219e-4784-8c5e-1f5b01f8be1b,8af31e3c-a298-4d41-933f-50031782d817,מסודרות,תל אביב–יפו,dan,no,"מניקור קלאסי, ערכת טיפוח ואמבט פרפין",product,review,nails,,fixed,209,website,/ops/businesses?branch=8af31e3c-a298-4d41-933f-50031782d817
0db3c19a-35dc-4021-8690-c57b698257b8,8af31e3c-a298-4d41-933f-50031782d817,מסודרות,תל אביב–יפו,dan,no,"סידור, הסרת עור, קרם ופוליש",product,review,,,fixed,119,website,/ops/businesses?branch=8af31e3c-a298-4d41-933f-50031782d817
eb854310-c253-438e-a80a-db87d39295c3,8af31e3c-a298-4d41-933f-50031782d817,מסודרות,תל אביב–יפו,dan,no,"קלאסי, פילינג, קרמים, פרפין ועיסוי קל",product,review,spa-massage,,fixed,309,website,/ops/businesses?branch=8af31e3c-a298-4d41-933f-50031782d817
51a83a16-5860-49dd-a376-e53ac382290e,b9090e87-3422-4ae0-8847-4dec673e85a0,נטלי קוסמטיקס,תל אביב–יפו,dan,no,חבילות טיפולים לפדיקור רפואי,package,review,nails,,on_request,,website,/ops/businesses?branch=b9090e87-3422-4ae0-8847-4dec673e85a0
fbb5b8fc-b63c-42ce-8e74-b2d725d510ad,b9090e87-3422-4ae0-8847-4dec673e85a0,נטלי קוסמטיקס,תל אביב–יפו,dan,no,"פעם ראשונה שאני עושה פדיקור,",sentence,would hide with --confirm,nails,,on_request,,website,/ops/businesses?branch=b9090e87-3422-4ae0-8847-4dec673e85a0
beef4de8-fae5-4961-a824-273658f684ef,46e3c405-f43f-4c54-8e69-3405d446ad25,קרנית מלמד - המרכז לטיפולי קוסמטיקה רפואית,תל אביב–יפו,dan,no,סדרת אנטי אייגינג,package,review,facials,,on_request,,website,/ops/businesses?branch=46e3c405-f43f-4c54-8e69-3405d446ad25
89b0108a-c5de-49f3-a85a-0e0e23501d35,46e3c405-f43f-4c54-8e69-3405d446ad25,קרנית מלמד - המרכז לטיפולי קוסמטיקה רפואית,תל אביב–יפו,dan,no,סדרת הבהרה,package,review,hair-salons,,on_request,,website,/ops/businesses?branch=46e3c405-f43f-4c54-8e69-3405d446ad25
359b7566-23a7-4dba-9784-c5d72deb9094,31cd10f7-8728-4caf-b8d5-a52fafdfb6bf,רעות ששון – עיצוב גבות ואיפור קבוע בצפון תל אביב,תל אביב–יפו,dan,no,קורס הרמת ריסים,package,review,brows-lashes,,on_request,,website,/ops/businesses?branch=31cd10f7-8728-4caf-b8d5-a52fafdfb6bf
