treatment_id,branch_id,business,name,problem
6d0b43fa-8ad9-4e9d-b53a-731b02ee83bd,fbf7b660-ab28-41a7-9061-b21e2685803e,Ruchla Cosmetics,אנו מזמינים אותך להתקשר עוד היום לתיאום פגישת ייעוץ .,sentence
524869df-4279-4273-bee8-02a065bcaf46,f519049e-b3ab-4dd0-91c4-b4f944cef39c,LA CLÍNICA,"ייעוץ ראשוני תאום מהיר ב-WhatsApp נהריה, צפון ישראל",sentence
1f99a454-f110-447a-ade9-8fabd80081dd,f519049e-b3ab-4dd0-91c4-b4f944cef39c,LA CLÍNICA,ייעוץ ראשוני תוצאות טבעיות התאמה אישית,sentence
40f061ab-f961-472d-a227-e798f685701b,0dc89d04-4269-4f7c-96ca-df421920dbf1,magical care yaniv azran,לקביעת תור לייעוץ לגלות איך לקבל עור זוהר ובריא,sentence
1455392f-1876-44fc-8e2b-0f4f2e51715a,23b14542-a951-4680-94fe-77ed146bce0f,מימו - מכון היופי הלבנוני,"המעניקה טיפולי פנים משקמים,",sentence
a44e96da-bf0a-46ee-8f35-7be6d5f40203,e7a7ede1-2590-4d64-9f3f-ce0893975d6d,פרו אסתטיקס טיפולים אסתטיים מתקדמים צפת,"זאת שמחליפה את הניתוחים הפלסטיים,",sentence
2bcc88a9-4ade-446d-8d06-57fb2ba1dc19,86ec4f42-11cd-4b56-832c-00f97f05ebf0,בני ואתי אמינוב,"טיפולי פנים לכל סוגי העור,",sentence
128debc0-6dd8-430c-80e2-cd721e634bd4,c24e37c8-c89c-4577-b88b-08895591589c,ציפורניים - אבי שגיא - קליניקה בריאותית לציפורניים,"מנהל קליניקה לטיפול בבעיות ציפורניים,",sentence
23fa1407-a013-4b09-b5d5-cfe910c052d1,55c8d098-e68e-4f3a-92c2-42e98dd81d91,Deborah Cosmetics,"אקנה היא מחלת עור נפוצה,",sentence
d8ff6216-18d6-40e5-b24e-44d6dc2feb65,55c8d098-e68e-4f3a-92c2-42e98dd81d91,Deborah Cosmetics,"טיפול באקנה, הבהרה ופיגמנטציה,",sentence
86b01202-7062-4044-bd1b-2641bf1f687e,55c8d098-e68e-4f3a-92c2-42e98dd81d91,Deborah Cosmetics,"טיפולים להצהרת ומיצוק העור, מזותרפיה,",sentence
4c0be0f6-24bb-4596-875e-a663a3e43396,55c8d098-e68e-4f3a-92c2-42e98dd81d91,Deborah Cosmetics,"לקביעת תור לאבחון וייעוץ ,",sentence
c35d0046-fa8c-407d-965b-8b7186beb177,cfedd499-1a35-4c61-a48a-61925886df64,דיאנה - בית הספר לעיצוב שיער ומקצועות היופי,"פדיקור קלאסי,פדיקור רפאי,תספורת נשים,",sentence
fbb5b8fc-b63c-42ce-8e74-b2d725d510ad,b9090e87-3422-4ae0-8847-4dec673e85a0,נטלי קוסמטיקס,"פעם ראשונה שאני עושה פדיקור,",sentence
