branch_id,name,city,region,claimed,disclaimer_state,stated_doctor,primary_category,categories,medical_treatments,medical_treatment_count,admin_url,public_url
ff559e86-3f3e-4252-ae5d-8810b0eb1050,ADM-אחים ואחיות עד הבית,נהריה,north,no,no_doctor,,nails,nails | facials,הורדה והסרת סיכות לאחר ניתוח,1,https://beautyfind.co.il/ops/businesses/branch/ff559e86-3f3e-4252-ae5d-8810b0eb1050,https://beautyfind.co.il/north/biz/adm-אחים-ואחיות-עד-הבית
428b9c2b-b87d-4cb3-82d5-83d155ae79c1,ARcosmetolog,נהריה,north,no,no_doctor,,facials,facials | medical-aesthetics | spa-massage,Mesotherapy,1,https://beautyfind.co.il/ops/businesses/branch/428b9c2b-b87d-4cb3-82d5-83d155ae79c1,https://beautyfind.co.il/north/biz/arcosmetolog
f519049e-b3ab-4dd0-91c4-b4f944cef39c,LA CLÍNICA,נהריה,north,no,no_doctor,,medical-aesthetics,medical-aesthetics | facials,Radiesse | פילרים עם טכנולוגיית IPN פטנטית | חומצה היאלורונית מהדור החדש | הפילרים שאנו עובדים איתם | עיצוב ומילוי שפתיים | חומצה היאלורונית | בוטוקס | Sculptra treatments | Botox treatments | PRP facial | Dysport treatment,11,https://beautyfind.co.il/ops/businesses/branch/f519049e-b3ab-4dd0-91c4-b4f944cef39c,https://beautyfind.co.il/north/biz/la-clinica
30491085-9e7e-462d-887e-70b5ac899ef4,ד״ר אביטל אנדלר- אסתטיקה רפואית ודנטלית,נהריה,north,no,stated_doctor,ד״ר אביטל אנדלר,dental-aesthetics,dental-aesthetics | medical-aesthetics,מילוי שפתיים | בוטוקס,2,https://beautyfind.co.il/ops/businesses/branch/30491085-9e7e-462d-887e-70b5ac899ef4,https://beautyfind.co.il/north/biz/דר-אביטל-אנדלר-אסתטיקה-רפואית-ודנטלית
6f680011-0c01-48a3-b887-91466fef37df,מרפאת שיניים ד''ר חנקין ילנה,נהריה,north,no,no_doctor,,dental-aesthetics,dental-aesthetics | facials | medical-aesthetics,פלזמה ליפטינג | הזרקות חומצה היאלורונית | הזרקות בוטוקס | ציפוי שיניים ויניר | יישור שיניים לילדים ולמבוגרים | Teeth whitening,6,https://beautyfind.co.il/ops/businesses/branch/6f680011-0c01-48a3-b887-91466fef37df,https://beautyfind.co.il/north/biz/מרפאת-שיניים-דר-חנקין-ילנה
e7a7ede1-2590-4d64-9f3f-ce0893975d6d,פרו אסתטיקס טיפולים אסתטיים מתקדמים צפת,צפת,north,no,no_doctor,,facials,facials | permanent-makeup | body-contouring | medical-aesthetics | hair-removal | tanning,Botox בוטוקס | חומצה היאלורונית צפת | Fillers,3,https://beautyfind.co.il/ops/businesses/branch/e7a7ede1-2590-4d64-9f3f-ce0893975d6d,https://beautyfind.co.il/north/biz/פרו-אסתטיקס-טיפולים-אסתטיים-מתקדמים-צפת
1b021794-8031-4d50-9e8b-9d4d275f483d,Clinic Dr. Eran Bar-Meir,חיפה,haifa,no,stated_doctor,Dr. Eran Bar,plastic-surgery,plastic-surgery | medical-aesthetics,"ניתוח לתיקון א סימטריה, בקצרה | ניתוח החלפת שתלים בחזה, בקצרה | הרמת עפעפיים עליונות | סוגי הניתוחים | סוגי ניתוחים | ניתוח הקטנת חזה, בקצרה | ניתוח להרמת חזה, בקצרה | הרמת חזה עם הקטנת שדיים | הרמה והגדלת חזה באמצעות שתל | הרמת חזה ללא שתלים | ניתוח להגדלת חזה, בקצרה | ניתוחי חזה וגוף | סקולפטרה | בוטוקס | הרמת עפעפיים | מתיחת פנים | שאיבת שומן | ניתוחי גוף | ניתוחי פנים | הקטנת חזה | הרמת חזה | הגדלת חזה | ניתוחי חזה | ניתוחי חזה וגוף ניתוחי חזה",24,https://beautyfind.co.il/ops/businesses/branch/1b021794-8031-4d50-9e8b-9d4d275f483d,https://beautyfind.co.il/haifa/biz/clinic-dr-eran-bar-meir
c8355290-2cb6-419c-87ac-2a57570a2d58,Dr. Thaer Clinic - Alchemy 22,חיפה,haifa,no,stated_doctor,Dr. Thaer,medical-aesthetics,medical-aesthetics | facials | plastic-surgery,LAMA ALCHEMY 22 101 FILLER | Breast lift and augmentation,2,https://beautyfind.co.il/ops/businesses/branch/c8355290-2cb6-419c-87ac-2a57570a2d58,https://beautyfind.co.il/haifa/biz/dr-thaer-clinic-alchemy-22
89576520-5f79-4723-b1a2-636045227830,Dr.raanan segev. ד״ר רענן שגב,חיפה,haifa,no,stated_doctor,ד״ר רענן שגב,dental-aesthetics,dental-aesthetics | medical-aesthetics | facials,"בוטוקס צידי עיניים | בוטוקס בצידי העיניים | בוטוקס מצח | בוטוקס – ד""ר רענן שגב | הזרקת בוטוקס | רדיאס | סקולפטרה | סקין בוסטר | פיסול פנים עם חומצה היאלורונית | בוטוקס",10,https://beautyfind.co.il/ops/businesses/branch/89576520-5f79-4723-b1a2-636045227830,https://beautyfind.co.il/haifa/biz/dr-raanan-segev
f5f9510a-f30f-4fda-ac5d-ed82c839117e,Epilution Haifa | Салон красоты | Beauty Salon,חיפה,haifa,no,no_doctor,,hair-removal,hair-removal | facials | brows-lashes | nails | spa-massage | hair-salons | makeup,Ботулинотерапия Шея | Ботулинотерапия Подбородок | Удаление старого филлера | Ботулинотерапия ДАО (уголки губ) | Ботулинотерапия Десневая улыбка,5,https://beautyfind.co.il/ops/businesses/branch/f5f9510a-f30f-4fda-ac5d-ed82c839117e,https://beautyfind.co.il/haifa/biz/epilution-haifa-beauty-salon
4f317565-8ae0-41af-833f-9fd5e87a67c0,"Oly Cosmetics - מרכז לטיפולי פנים וגוף, מוצרי קוסמטיקה",חיפה,haifa,no,no_doctor,,facials,facials | hair-salons | medical-aesthetics | spa-massage | makeup,באלם לפשתיים חומצה היאלורונית 3D | קרם עיניים מומלץ עם חומצה היאלורונית | סט טיפולי עם חומצה היאלורונית | טיפולי מזותרפיה,4,https://beautyfind.co.il/ops/businesses/branch/4f317565-8ae0-41af-833f-9fd5e87a67c0,https://beautyfind.co.il/haifa/biz/oly-cosmetics
fbf7b660-ab28-41a7-9061-b21e2685803e,Ruchla Cosmetics,חיפה,haifa,no,no_doctor,,facials,facials | medical-aesthetics | hair-removal,בעמוד הזה מזותרפיה בחיפה | מזותרפיה בחיפה | טיפול מזותרפיה | Micro-Plasma – מיקרו פלזמה (פרקשנל) | טיפול פלזמה לפנים (פיברובלסט) | מזותרפיה ומיקרונידלינג | טיפול בידיות פלזמה | פלזמה – הרמת עפעפיים | פלזמה | טיפול מזותרפיה / מיקרונידלינג,10,https://beautyfind.co.il/ops/businesses/branch/fbf7b660-ab28-41a7-9061-b21e2685803e,https://beautyfind.co.il/haifa/biz/ruchla-cosmetics
cfbed9e7-b435-4986-bbee-1f7a0b991dba,אברמסקי - המרכז לבריאות השיער בחיפה,חיפה,haifa,no,no_doctor,,medical-aesthetics,facials | hair-restoration | hair-salons | medical-aesthetics,טיפול PRP | מזותרפיה וטיפולים בהזרקה | נשירת שיער מוגברת | נשירת שיער ודילול שיער | מזותרפיה לשיער | נשירת שיער&lt;/strong שנגרמה מלחץ | נשירת שיער&lt;/strong המהירה | אינדיקציות לטיפול בנשירת שיער | יתרונות הטיפול בנשירת שיער | נשירת שיער,10,https://beautyfind.co.il/ops/businesses/branch/cfbed9e7-b435-4986-bbee-1f7a0b991dba,https://beautyfind.co.il/haifa/biz/אברמסקי-המרכז-לבריאות-השיער-בחיפה
9cb3af26-74dc-4270-bf98-73acd6081711,אסתי-סלון יופי. קוסמטיקאית מוסמכת בחיפה,חיפה,haifa,no,no_doctor,,facials,facials | brows-lashes | nails,מזותרפיה (מיקרונידלינג),1,https://beautyfind.co.il/ops/businesses/branch/9cb3af26-74dc-4270-bf98-73acd6081711,https://beautyfind.co.il/haifa/biz/אסתי-סלון-יופי-קוסמטיקאית-מוסמכת-בחיפה
b96bf50f-33ad-4b56-9572-f26696b96130,"ד""ר אור שבתאי | מילוי שפתיים טבעי | בוטוקס | טיפול זרע הסלמון | רדיאס | סקולפטרה | אסתטיקה רפואית",חיפה,haifa,no,stated_doctor,ד״ר אור שבתאי,medical-aesthetics,medical-aesthetics | facials,בוטוקס – יותר מסתם יופי | בוטוקס | טיפולי סקולפטרה וביוסטימולטורים | טיפולי רדיאס | טיפולי ביוטי רפואיים: בוטוקס,5,https://beautyfind.co.il/ops/businesses/branch/b96bf50f-33ad-4b56-9572-f26696b96130,https://beautyfind.co.il/haifa/biz/דר-אור-שבתאי-מילוי-שפתיים-טבעי-בוטוקס-טיפול-זרע-הסלמון-רדיאס
d6b51cd7-10a9-4c1c-90eb-8a6c926e61b1,"ד""ר אריאל ניימן מומחה לכירורגיה פלסטית",חיפה,haifa,no,stated_doctor,ד״ר אריאל ניימן,plastic-surgery,plastic-surgery,בוטוקס | חומצה היאלורונית | ניתוח אוזניים | ניתוחי\טיפולי פנים | ניתוחי חזה | הרמת עפעפיים | ניתוחים וגינליים | מתיחת בטן | שאיבת שומן | הרמת חזה | הקטנת חזה | הגדלת חזה,12,https://beautyfind.co.il/ops/businesses/branch/d6b51cd7-10a9-4c1c-90eb-8a6c926e61b1,https://beautyfind.co.il/haifa/biz/דר-אריאל-ניימן-מומחה-לכירורגיה-פלסטית
4f5ef12c-b42c-4fd8-9e0a-90910d247056,"ד""ר צבי גוטמכר - מומחה לשיקום הפה",חיפה,haifa,no,stated_doctor,ד״ר צבי גוטמכר,dental-aesthetics,dental-aesthetics,Dental Veneers | Teeth whitening,2,https://beautyfind.co.il/ops/businesses/branch/4f5ef12c-b42c-4fd8-9e0a-90910d247056,https://beautyfind.co.il/haifa/biz/דר-צבי-גוטמכר-מומחה-לשיקום-הפה
b00a083f-d8a8-4b23-84c4-f76e955d1576,"ד""ר רוני מוסקונה - מרפאות ניתוחים פלסטיים וטיפולי אסתטיקה",חיפה,haifa,no,stated_doctor,ד״ר רוני מוסקונה,plastic-surgery,plastic-surgery | facials | medical-aesthetics | body-contouring,תיקונים/ניתוחים משלימים | מהלך לאחר הניתוח וחזרה לשגרה | הרמת חזה – תוצאות הניתוח | הניתוח | קיימות שלוש צלקות בניתוח זה | תכנון הניתוח | הערכה טרום ניתוחית מלאה | תכנון הניתוח והתאמת ציפיות | גלריית תמונות – הגדלת חזה | שאלות אחרי ניתוח הגדלת חזה | שאלות לפני ניתוח הגדלת חזה | תיאום ציפיות בניתוח הגדלת חזה | מחיר הגדלת חזה | תוצאה סופית לאחר הניתוח | החלמה לאחר הניתוח וריפוי הצלקת | שיטת הניתוח | ערב הניתוח | מחיר ניתוח שפה עליונה | יתרונות ניתוח הרמת שפה | ביקורת שבוע לאחר הניתוח | ניתוחי גוף | גניקומסטיה – הקטנת חזה לגבר | ניתוחים וטיפולים לגברים | סקין בוסטר – Skin Booster | בוטוקס / דיספורט / קסאומין | מילוי קמטים | מילוי שפתיים | גניקומסטיה – הקטנת חזה | ניתוח אף לגבר | בוטוקס לגבר | ניתוחים וטיפולים לגבר | נושא אחר בניתוחי פנים | ניתוח עפעפיים | מתיחת פנים | נושא אחר בניתוחים וטיפולי גוף | מתיחת בטן | שאיבת שומן | נושא אחר בניתוחי אף | ניתוח סנטר משולב עם אף | תיקון ניתוח אף כושל | ניתוח אף | פיסול אף ללא ניתוח | נושא אחר בניתוחי חזה | הקטנת חזה | הרמת חזה | הגדלת חזה | ניתוחי פנים | ניתוחים וטיפולי גוף | ניתוחי אף | ניתוחי חזה,50,https://beautyfind.co.il/ops/businesses/branch/b00a083f-d8a8-4b23-84c4-f76e955d1576,https://beautyfind.co.il/haifa/biz/דר-רוני-מוסקונה-מרפאות-ניתוחים-פלסטיים-וטיפולי-אסתטיקה
9652a052-c1e2-4ad8-8251-75eee658e7ef,"ד""ר תמיר גיל - מומחה בכירורגיה פלסטית בחיפה ובקריות",חיפה,haifa,no,stated_doctor,ד״ר תמיר גיל,plastic-surgery,plastic-surgery | medical-aesthetics | body-contouring | facials,מתיחת בטן ויריכיים | הרמת והקטנת חזה | הרמת חזה ומתיחת בטן | מתיחת פנים וצוואר | סרטוני עדויות לאחר ניתוחים | ניתוח עפעפיים עליונים ותחתונים | ניתוחי MOHS | הזרקת חומצה היאלרונית ובוטוקס | ניתוח קסנטלזמה (xanthelasma) | ניתוחי מוס MOHS | ניתוחי מוס | ניתוח עפעפיים | מתיחת בטן | שאיבת שומן | ניתוחי מתיחת זרועות | ניתוחי אף | הרמת חזה ללא שתל | הרמת חזה עם שתל | הקטנת חזה | הגדלת חזה | SCULPTRA | ניתוחים בחזה | מתיחת פנים | שאיבת שומן בטכנולוגית רנוביון Renuvion | טיפולים וניתוחים אסתטיים,25,https://beautyfind.co.il/ops/businesses/branch/9652a052-c1e2-4ad8-8251-75eee658e7ef,https://beautyfind.co.il/haifa/biz/דר-תמיר-גיל-מומחה-בכירורגיה-פלסטית-בחיפה-ובקריות
b32e1d35-cd2b-4934-bf95-628243ad36f1,דר מואיד אבו בכר - גשר שקוף בחיפה,חיפה,haifa,no,no_doctor,,dental-aesthetics,dental-aesthetics,ליישור שיניים | (Invisalign) | יישור שיניים שקוף | יישור שיניים שקוף Invisalign,4,https://beautyfind.co.il/ops/businesses/branch/b32e1d35-cd2b-4934-bf95-628243ad36f1,https://beautyfind.co.il/haifa/biz/דר-מואיד-אבו-בכר-גשר-שקוף-בחיפה
1ff8a60d-8ab5-4879-9dbf-6d2862b30cc5,דר' מריה שרפוב - קליניקה לרפואה אסתטית,חיפה,haifa,no,stated_doctor,ד״ר מריה שרפוב,medical-aesthetics,medical-aesthetics | facials,פיסול פנים ללא ניתוח,1,https://beautyfind.co.il/ops/businesses/branch/1ff8a60d-8ab5-4879-9dbf-6d2862b30cc5,https://beautyfind.co.il/haifa/biz/דר-מריה-שרפוב-קליניקה-לרפואה-אסתטית
218ae7bb-ed17-4a58-b7cf-ecfdcbbf0536,ד״ר חסן חטיב - קליניקה לרפואה אסתטית,חיפה,haifa,no,stated_doctor,ד״ר חסן חטיב,medical-aesthetics,medical-aesthetics | facials | hair-restoration,סקין בוסטר וסקולפטרה | טיפולי פלזמה לשיער ולפנים | פיסול פנים עם חומצה היאלורונית | בוטוקס,4,https://beautyfind.co.il/ops/businesses/branch/218ae7bb-ed17-4a58-b7cf-ecfdcbbf0536,https://beautyfind.co.il/haifa/biz/דר-חסן-חטיב-קליניקה-לרפואה-אסתטית
9c7c2244-996d-45b2-88a2-9160cd872e80,ד״ר מנאר קעואר - מומחה בכירורגיה פלסטית ואסתטית,חיפה,haifa,no,stated_doctor,ד״ר מנאר קעואר,plastic-surgery,plastic-surgery | body-contouring,בוטוקס | ניתוחים לא מוצלחים | ניתוח הקטנת חזה | ניתוח הגדלת חזה | ניתוח הגדלת / הקטנת שדיים | ניתוח הגדלת חזה/ הקטנת | פיסול אף ללא ניתוח | הגדלת חזה | ניתוח מהוס | ניתוח תיקון שד גברי-גניקומסטיה | ניתוח שאיבת שומן | ניתוח הגדלת / הקטנת חזה | טיפולים וניתוחים | מתיחת פנים מינימלית | מתיחת בטן | הגדלה והרמת חזה,16,https://beautyfind.co.il/ops/businesses/branch/9c7c2244-996d-45b2-88a2-9160cd872e80,https://beautyfind.co.il/haifa/biz/דר-מנאר-קעואר-מומחה-בכירורגיה-פלסטית-ואסתטית
c9f4ae2a-778e-4a53-88c5-2fffaca11e04,"מלכת השפתיים ד""ר מריה זלטקובסקי MEDICAL AESTHETICS",חיפה,haifa,no,stated_doctor,ד״ר מריה זלטקובסקי,medical-aesthetics,facials | medical-aesthetics,רדיאס | חומצה היאלורונית | בוטוקס | Mesotherapy,4,https://beautyfind.co.il/ops/businesses/branch/c9f4ae2a-778e-4a53-88c5-2fffaca11e04,https://beautyfind.co.il/haifa/biz/medical-aesthetics
a9019875-9dcd-4a06-8c84-1a2367d44d5c,מנתח פלסטי בכיר - דר יצחק רמון,חיפה,haifa,no,no_doctor,,plastic-surgery,plastic-surgery | facials,ניתוח הגדלת סנטר | הקטנת חזה לגבר | הקטנת חזה | הרמת עפעפיים | ניתוחים פלסטיים | צוות המרפאה וחדר הניתוח | ניתוח אף | שאיבת שומן | הגדלת חזה | הרמת חזה | מתיחת פנים | מתיחת בטן,12,https://beautyfind.co.il/ops/businesses/branch/a9019875-9dcd-4a06-8c84-1a2367d44d5c,https://beautyfind.co.il/haifa/biz/מנתח-פלסטי-בכיר-דר-יצחק-רמון
d0f7a9df-de20-44ff-ab1a-2ea4eafceb61,מרפאת ד״ר עמי ברק - מומחה בכירורגיה פלסטית ואסתטית,חיפה,haifa,no,stated_doctor,ד״ר עמי ברק,plastic-surgery,plastic-surgery,מתיחת פנים | מתיחת בטן | ניתוח אזניים | שאיבת שומן | הגדלת חזה | הרמת חזה | הקטנת חזה | ניתוח אף | ניתוח עפעפיים,9,https://beautyfind.co.il/ops/businesses/branch/d0f7a9df-de20-44ff-ab1a-2ea4eafceb61,https://beautyfind.co.il/haifa/biz/מרפאת-דר-עמי-ברק-מומחה-בכירורגיה-פלסטית-ואסתטית
aab223b1-d1c3-4a0d-ba25-8fec61522274,מרפאת שיניים נווה שאנן,חיפה,haifa,no,no_doctor,,dental-aesthetics,dental-aesthetics,יישור שיניים | Teeth whitening,2,https://beautyfind.co.il/ops/businesses/branch/aab223b1-d1c3-4a0d-ba25-8fec61522274,https://beautyfind.co.il/haifa/biz/מרפאת-שיניים-נווה-שאנן
be45a69e-2984-49e5-9fd3-56d5795dc77c,נטוראלייזר,חיפה,haifa,no,no_doctor,,facials,facials | medical-aesthetics | hair-removal,הרמת גבות ללא ניתוח | עיצוב סנטר ללא ניתוח | פיסול אף ללא ניתוח | טיפול בסנטר כפול ללא ניתוח | טיפולי בוטוקס בגישה הוליסטית | שימוש זהיר ומוגבל בטוקסין (Botox) | חומצה היאלורונית בריכוזים מותאמים | תוצאות הטיפול של חומצה היאלורונית | מילוי שפתיים | הזרקת רדיאס | סקין בוסטרים מתקדמים | בוטוקס לקמטי הבעה | טיפולי חומצה היאלורונית | הזרקת חומצה היאלורונית | בוטוקס וקסאומין | הזרקה של רדיאס | NaturalFiller | FILLER / טכניקות מילוי | טיפולי בוטוקס,19,https://beautyfind.co.il/ops/businesses/branch/be45a69e-2984-49e5-9fd3-56d5795dc77c,https://beautyfind.co.il/haifa/biz/נטוראלייזר
0be91073-5b5b-4a84-868b-472c142d59e2,פיור סקין – טיפולי קוסמטיקה מתקדמים,חיפה,haifa,no,no_doctor,,facials,facials | nails | medical-aesthetics,הרמת עפעפיים ללא ניתוח | טיפול בפטרת ציפורניים באמצעות פלזמה | טיפול בפטרת ציפורניים בפלזמה,3,https://beautyfind.co.il/ops/businesses/branch/0be91073-5b5b-4a84-868b-472c142d59e2,https://beautyfind.co.il/haifa/biz/פיור-סקין-טיפולי-קוסמטיקה-מתקדמים
294d5c1c-1610-421e-8cc0-5f9ce65b6e88,"פרופורציה חיפה - הסרת שיער בלייזר, טיפולי אסתטיקה וניתוחים פלסטיים",חיפה,haifa,no,no_doctor,,hair-removal,hair-removal | facials,ניתוחים פלסטיים,1,https://beautyfind.co.il/ops/businesses/branch/294d5c1c-1610-421e-8cc0-5f9ce65b6e88,https://beautyfind.co.il/haifa/biz/פרופורציה-חיפה-הסרת-שיער-בלייזר-טיפולי-אסתטיקה-וניתוחים-פלסט
6d3973d3-acbc-4d2f-812f-7f03c5ea1fb1,רופא שיניים בחיפה - ד״ר יואש פרמוט,חיפה,haifa,no,stated_doctor,ד״ר יואש פרמוט,dental-aesthetics,dental-aesthetics,כתרים | הלבנת שיניים | יישור שיניים שקוף,3,https://beautyfind.co.il/ops/businesses/branch/6d3973d3-acbc-4d2f-812f-7f03c5ea1fb1,https://beautyfind.co.il/haifa/biz/רופא-שיניים-בחיפה-דר-יואש-פרמוט
6e1e4e46-2a43-47ba-8a83-2c94e6ef36dc,Alisha brows&lashes - Алишка брови и ресницы,נתניה,sharon,no,no_doctor,,brows-lashes,brows-lashes | facials,Ламинирование ресниц +ботокс,1,https://beautyfind.co.il/ops/businesses/branch/6e1e4e46-2a43-47ba-8a83-2c94e6ef36dc,https://beautyfind.co.il/sharon/biz/alisha-brows-and-lashes
414b7465-3a64-44f3-9453-b2e5e9e71b9b,Bright Smile,נתניה,sharon,no,no_doctor,,dental-aesthetics,dental-aesthetics,ציפוי חרסינה בנתניה | ציפוי חרסינה | יישור שיניים בנתניה | יישור שיניים | הלבנת שיניים בנתינה | Teeth whitening,6,https://beautyfind.co.il/ops/businesses/branch/414b7465-3a64-44f3-9453-b2e5e9e71b9b,https://beautyfind.co.il/sharon/biz/bright-smile
48b8b155-73e3-4503-b2b9-48ca60b44a07,D-Shiny - אסתטיקה מתקדמת - סניף נתניה,נתניה,sharon,no,no_doctor,,dental-aesthetics,dental-aesthetics | medical-aesthetics | plastic-surgery,טיפולי בוטוקס | המרכז להשתלות שיניים ואסתטיקה | ציפוי שיניים | הלבנת שיניים | הלבנת שיניים מקצועית | השתלות שיניים | חומצה היאלורונית מתחת לעיניים | בוטוקס | רסטילן סקין בוסטר | רדיאס | סקולפטרה | מתיחת פנים עם חוטים | בוטוקס במצח | פיסול פנים בוטוקס | ניתוחי חניכיים,15,https://beautyfind.co.il/ops/businesses/branch/48b8b155-73e3-4503-b2b9-48ca60b44a07,https://beautyfind.co.il/sharon/biz/d-shiny
86955caf-a40f-4e97-8391-c53ee18343c7,Dr Meir Pomeranz,נתניה,sharon,no,stated_doctor,Dr. Meir Pomeranz,plastic-surgery,plastic-surgery | medical-aesthetics,ניתוחים,1,https://beautyfind.co.il/ops/businesses/branch/86955caf-a40f-4e97-8391-c53ee18343c7,https://beautyfind.co.il/sharon/biz/dr-meir-pomeranz
63a4aa2f-f181-4453-8851-098fe3fc2707,Dr. Sharon Porat Dental Clinic מרפאת שיניים דר' שרון פורת,נתניה,sharon,no,stated_doctor,Dr. Sharon Porat Dental,dental-aesthetics,dental-aesthetics,השתלות שיניים,1,https://beautyfind.co.il/ops/businesses/branch/63a4aa2f-f181-4453-8851-098fe3fc2707,https://beautyfind.co.il/sharon/biz/dr-sharon-porat-dental-clinic
f7b321ea-05f4-484f-b3c8-a546484e8ebe,"Dr. Tatiana Ishai / ד""ר טטיאנה ישי / רפואה אסתטית / קוסמטיקאית נתניה",נתניה,sharon,no,stated_doctor,Dr. Tatiana Ishai,medical-aesthetics,facials | hair-restoration | medical-aesthetics,"botox full face | vector lifting radiesse | Treatment of hair loss | PRP therapy (Platelet-Rich Plasma) | botox forehead | botox around the eyes | Hyaluronic Acid | botox | בוטוקס כל הפנים | PRP לעור הקרקפת | חומר מילוי ומיצוק רדיאס | סקין בוסטר | מילוי שפתיים | בוטוקס מצח | בוטוקס מסביב לעיניים | PRP, iPRF טיפול | טיפול בנשירת שיער | בוטוקס",18,https://beautyfind.co.il/ops/businesses/branch/f7b321ea-05f4-484f-b3c8-a546484e8ebe,https://beautyfind.co.il/sharon/biz/dr-tatiana-ishai
ec8ef87a-aa69-4978-958b-0f1ccdae96e4,Lisa Beauty Boutique,נתניה,sharon,no,no_doctor,,facials,facials | medical-aesthetics,מזותרפיה בנתניה - בקליניקה שלי | מזותרפיה לפנים בנתניה | הסרת סרחי עור בפלזמה בנתניה | מזותרפיה ומיקרונידלינג לעידוד בניית רקמה | מזותרפיה לצלקות אקנה וקמטים | הסרת סרחי עור בפלזמה,6,https://beautyfind.co.il/ops/businesses/branch/ec8ef87a-aa69-4978-958b-0f1ccdae96e4,https://beautyfind.co.il/sharon/biz/lisa-beauty-boutique
50ffcda7-9f9b-4d06-94b1-1ff207b4a7c3,Medical Beauty Clinic - מדיקל ביוטי קליניק,נתניה,sharon,no,no_doctor,,facials,facials | medical-aesthetics | body-contouring,פיסול האף ללא ניתוח | טיפולי חומצה היאלרונית ובוטוקס | Botox | mesotherapy,4,https://beautyfind.co.il/ops/businesses/branch/50ffcda7-9f9b-4d06-94b1-1ff207b4a7c3,https://beautyfind.co.il/sharon/biz/medical-beauty-clinic
836eb136-9d0c-47c2-af20-450f77ce79fa,Oron Avidan medical esthetician,נתניה,sharon,no,no_doctor,,facials,facials,חומצה היאלורונית • אקסוזומים,1,https://beautyfind.co.il/ops/businesses/branch/836eb136-9d0c-47c2-af20-450f77ce79fa,https://beautyfind.co.il/sharon/biz/oron-avidan-medical-esthetician
2c7d157c-1a5f-4d87-ba96-4ee8685246f1,Royal Dent,נתניה,sharon,no,no_doctor,,dental-aesthetics,dental-aesthetics,ציפוי שיניים חרסינה | דף הבית / ציפוי שיניים | השתלות שיניים: תשובות לשאלות נפוצות | החומרים המשמשים לציפוי שיניים | ציפוי חרסינה | שיקום פה באמצעות כתרים | הלבנת שיניים באמצעות לייזר | תאר סד לילה להלבנת שיניים | הלבנת שיניים ביתית | טיפולים והשוואה: טיפולי הלבנת שיניים | לפני להלבנת שיניים: בדיקות והכנות | שתלים וכתרים איכותיים בלבד | יישור שיניים | הלבנת שיניים בלייזר | לפני ואחרי ציפוי שיניים | יישור שיניים שקוף | ציפוי שיניים | יישור שיניים שקוף Invisalign,18,https://beautyfind.co.il/ops/businesses/branch/2c7d157c-1a5f-4d87-ba96-4ee8685246f1,https://beautyfind.co.il/sharon/biz/royal-dent
e9b7bc3e-4bcf-4b38-9290-8def7a841cff,Shiran Aziz Clinic,נתניה,sharon,no,no_doctor,,facials,facials | medical-aesthetics | hair-removal,Mesotherapy | מזותרפיה,2,https://beautyfind.co.il/ops/businesses/branch/e9b7bc3e-4bcf-4b38-9290-8def7a841cff,https://beautyfind.co.il/sharon/biz/shiran-aziz-clinic
f75a7f80-31e0-4bce-aadd-96948bbce4b3,VIRGINIE institut de beauté וירג'יני קוסמטיקה מתקדמת ליופי ובריאות,נתניה,sharon,no,no_doctor,,facials,facials,החדרת חומצה היאלורונית לעור,1,https://beautyfind.co.il/ops/businesses/branch/f75a7f80-31e0-4bce-aadd-96948bbce4b3,https://beautyfind.co.il/sharon/biz/virginie-institut-de-beaute
1944347e-8b37-42a0-84b6-27814bcbc370,אורלי ברטלר - קליניקה לקוסמטיקה ואסתטיקה,נתניה,sharon,no,no_doctor,,facials,facials | hair-removal | medical-aesthetics,פיסול אף ללא ניתוח | לחות אינטנסיבית – מוצרים המכילים חומצה היאלורונית וסרמידים. | הרמת גבות בחוטים | טיפול בוטוקס | טיפולי בוטוקס,5,https://beautyfind.co.il/ops/businesses/branch/1944347e-8b37-42a0-84b6-27814bcbc370,https://beautyfind.co.il/sharon/biz/אורלי-ברטלר-קליניקה-לקוסמטיקה-ואסתטיקה
d20d8b8e-a2c3-4cdf-9d64-f33e6bf54c24,איפור קבוע בנתניה פאולה לוי,נתניה,sharon,no,no_doctor,,permanent-makeup,permanent-makeup | brows-lashes | facials | medical-aesthetics,Lip fillers | Botox treatments,2,https://beautyfind.co.il/ops/businesses/branch/d20d8b8e-a2c3-4cdf-9d64-f33e6bf54c24,https://beautyfind.co.il/sharon/biz/איפור-קבוע-בנתניה-פאולה-לוי
708b1ada-047b-475a-a7d9-9d1f7e33681e,אלינור בכר | קוסמטיקה ורפואה סינית אסתטית מתקדמת,נתניה,sharon,no,no_doctor,,facials,facials,טיפול טבעי לנשירת שיער ואלופציה,1,https://beautyfind.co.il/ops/businesses/branch/708b1ada-047b-475a-a7d9-9d1f7e33681e,https://beautyfind.co.il/sharon/biz/אלינור-בכר-קוסמטיקה-ורפואה-סינית-אסתטית-מתקדמת
231149f6-0672-4876-a110-78b9b6e006e8,בוסטון קליניק,נתניה,sharon,no,no_doctor,,medical-aesthetics,medical-aesthetics | facials | plastic-surgery,מחיר טיפולי סקולפטרה | טיפול סקולפטרה - מועמדים | פיסול אף בניתוח (רינופלסטיה) | הזרקות בוטוקס | חסרונות פיסול אף ללא ניתוח | יתרונות פיסול אף ללא ניתוח | בשיטת הזרקת בוטוקס | בוטוקס | רדיאס - מחירים | יתרונות השימוש ברדיאס | שימושים ברדיאס | רדיאס - מרכיבים | סקירה מקיפה על טיפול ברדיאס | הזרקת Radiesse | אינדיקציות לטיפול בסקולפטרה | סקולפטרה - מרכיבים | הזרקת Sculptra | טיפול מתיחת פנים והזרקת בוטוקס | חוטים נמסים | פיסול פנים עם חוטים נמסים | חומצה היאלורונית | חומצה היאלורונית בצידי הפה | חומצה היאלורונית באף | חומצה היאלורונית בעצמות לחיים | חומצה היאלורונית לפנים | חומצה היאלורונית בשפתיים | Hyaluronic acid | בוטוקס בצוואר | בוטוקס סביב הפה | בוטוקס בקו הלסת | בוטוקס בסנטר | בוטוקס במצח | בוטוקס באזור גשר האף | בוטוקס בצידי העיניים | הרמת גבות בוטוקס | בוטוקס בין הגבות | אזורי טיפול נפוצים להזרקת בוטוקס | טיפולי בוטוקס | והזרקות בוטוקס | Profhilo | טיפול רדיאס | טיפול דיספורט | פיסול אף ללא ניתוח | טיפול ברדיאס | טיפול סקולפטרה | מתיחת פנים עם חוטים | טיפול בחומצה היאלורונית | טיפול בוטוקס,48,https://beautyfind.co.il/ops/businesses/branch/231149f6-0672-4876-a110-78b9b6e006e8,https://beautyfind.co.il/sharon/biz/בוסטון-קליניק
e9800d5f-d2d9-4ed6-84a0-7709a73e8123,ביוטי קליניק נתניה,נתניה,sharon,no,no_doctor,,medical-aesthetics,facials | hair-restoration | hair-salons | medical-aesthetics,"סדרת טיפולים בשילוב PRP, בהתאמה אישית, לתוצאות מיטביות. | טיפול PRP לשיער | חומצה היאלורונית בשפתיים | סקולפטרה – הכל על הטיפול | בוטוקס /דיספורט | PRP‭ ‬ לעיבוי‭ ‬שיער | בוטוקס | חומצה היאלורונית | טיפול PRP/i-PRF לשיער | טיפול PRP/i-PRF | בוטוקס Full Face | טיפולי ערפד PRP | טיפול סקין בוסטר | טיפולי PRP",14,https://beautyfind.co.il/ops/businesses/branch/e9800d5f-d2d9-4ed6-84a0-7709a73e8123,https://beautyfind.co.il/sharon/biz/ביוטי-קליניק-נתניה
76aa7c44-b8de-468c-858e-fc6394f367be,"בר ויכמן נתניה - הסרת שיער בלייזר, פיסול פנים וטיפולי אסתטיקה רפואית",נתניה,sharon,no,no_doctor,,hair-removal,hair-removal | facials | medical-aesthetics | nails,חומצה היאלורונית | בוטוקס,2,https://beautyfind.co.il/ops/businesses/branch/76aa7c44-b8de-468c-858e-fc6394f367be,https://beautyfind.co.il/sharon/biz/בר-ויכמן-נתניה-הסרת-שיער-בלייזר-פיסול-פנים-וטיפולי-אסתטיקה-ר
7050e53c-e4fb-4ce6-b0cf-07fac3a5738d,"ד""ר אלי שולמן - רפואה אסטתית",נתניה,sharon,no,stated_doctor,ד״ר אלי שולמן,medical-aesthetics,medical-aesthetics | facials | plastic-surgery,שלבי ביצוע טיפול Radiesse | ליפטינג Radiesse מבטיח | טיפול Radiesse | מזותרפיה של הפנים והצוואר | זריקות חומצה היאלורונית | מתיחת פנים בעזרת חוטי אפטוס | מתיחת פנים בעזרת חוטים בישראל | Процедура Radiesse,8,https://beautyfind.co.il/ops/businesses/branch/7050e53c-e4fb-4ce6-b0cf-07fac3a5738d,https://beautyfind.co.il/sharon/biz/דר-אלי-שולמן-רפואה-אסטתית
03bdb684-9953-4d1a-bccc-14d01c9dc326,"ד""ר אנה גודוביץ׳ - טיפולי אסתטיקה רפואית",נתניה,sharon,no,stated_doctor,ד״ר אנה גודוביץ׳,medical-aesthetics,medical-aesthetics | plastic-surgery | facials,יתרונות טיפול PRP | יתרונות פיסול אף ללא ניתוח | בוטוקס לעיצוב עיניים (Fox Eyes) | בוטוקס להעלמת קמטי הבעה | Sculptra treatments | PRP facial | Lip fillers | Botox treatments,8,https://beautyfind.co.il/ops/businesses/branch/03bdb684-9953-4d1a-bccc-14d01c9dc326,https://beautyfind.co.il/sharon/biz/דר-אנה-גודוביץ-טיפולי-אסתטיקה-רפואית
7e5decc5-64a4-44b3-8f84-6c0495dff36c,דוקטור זייגר טטיאנה מילוי והעלמת קמטים בפנים,נתניה,sharon,no,no_doctor,,medical-aesthetics,facials | medical-aesthetics,הזרקות בוטוקס | מתיחת פנים באמצעות חוטים | מזותרפיה רפואית | הזרקת חומצה היאלורונית | מילוי קמטים | מילוי שפתיים,6,https://beautyfind.co.il/ops/businesses/branch/7e5decc5-64a4-44b3-8f84-6c0495dff36c,https://beautyfind.co.il/sharon/biz/דוקטור-זייגר-טטיאנה-מילוי-והעלמת-קמטים-בפנים
292e812b-f807-4590-ab52-c44b97e6f327,ד״ר שי לי אלמוג - מרפאה אסתטית,נתניה,sharon,no,stated_doctor,ד״ר שי לי אלמוג,medical-aesthetics,medical-aesthetics | facials | plastic-surgery,השילוב עם ביוסטימולטורים וסקין בוסטרים | לכל טיפולי בוטוקס בנתניה » | בוטוקס בגיל המעבר ובשינויים הורמונליים | בוטוקס לגברים בנתניה | בית › בוטוקס | סקין בוסטרים ורגנרציה בנתניה | סקין בוסטרים בנתניה | פיסול אף בנתניה ללא ניתוח | מילוי שפתיים בנתניה | הזרקות חומצה היאלורונית בנתניה | חומצה היאלורונית בנתניה | בוטוקס לצוואר פלאטיסמה בנתניה | בוטוקס לאף נופל בנתניה | פול פייס בוטוקס בנתניה | בוטוקס לקמטוטים סביב הפה בנתניה | בוטוקס טרפזים TrapTox בנתניה | בייבי בוטוקס בנתניה | בוטוקס לקמטים בצידי האף בנתניה | בוטוקס לחיוך חניכיים בנתניה | בוטוקס מאסטר בנתניה | בוטוקס סביב העיניים בנתניה | הרמת גבות בוטוקס בנתניה | בוטוקס מצח בנתניה | הזרקות בוטוקס בנתניה | בוטוקס בנתניה | Sculptra treatments | Lip fillers | Dysport treatment | Botox treatments | מילוי שפתיים | חומצה היאלורונית | בוטוקס,32,https://beautyfind.co.il/ops/businesses/branch/292e812b-f807-4590-ab52-c44b97e6f327,https://beautyfind.co.il/sharon/biz/דר-שי-לי-אלמוג-מרפאה-אסתטית
6bbc94c6-6975-4221-905e-912677e4b6f0,"כירורג פלסטי בנתניה - ד""ר טנצר",נתניה,sharon,no,stated_doctor,ד״ר טנצר,plastic-surgery,plastic-surgery | medical-aesthetics | facials,מתיחת פנים וצוואר | סקולפטרה – Sculptra | הניתוחים המבוצעים בחדר ניתוח פולג | הצערת צוואר ללא ניתוח | הצערת פנים ללא ניתוח | ניתוחי עפעפיים | שילובים ללא ניתוח | טיפולים משולבים ללא ניתוח | רדיאס | סקולפטרה | הרמת עפעפיים ללא ניתוח | טיפולי בוטוקס | ניתוח מאמי מייקאובר | שאיבת שומן | מתיחת בטן | ניתוחי בטן וגוף | ניתוח גניקומסטיה | הרמת חזה | הקטנת חזה | הגדלת חזה | ניתוחי חזה | ניתוח עפעפיים | ניתוח מתיחת פנים וצוואר | ניתוחי פנים,24,https://beautyfind.co.il/ops/businesses/branch/6bbc94c6-6975-4221-905e-912677e4b6f0,https://beautyfind.co.il/sharon/biz/כירורג-פלסטי-בנתניה-דר-טנצר
a3d15045-f65e-4e60-ab93-fc03135d67d8,לייזר פרו,נתניה,sharon,no,no_doctor,,facials,medical-aesthetics | hair-restoration | plastic-surgery | body-contouring | permanent-makeup | dental-aesthetics | facials,"השתלת שיער בגבות | השתלת שיער לנשים | השתלת זקן לגברים | השתלת שיער לגברים FUE | השתלת שיער בישראל | השתלות שיניים בחו""ל | ציפוי חרסינה לשיניים למינייט | השתלת שיער בטורקיה | השתלת זקן בגאורגיה | השתלת גבות בגאורגיה | ניתוחים פלסטיים בגאורגיה | השתלת שיער בגאורגיה | עיבוי שפתיים/ מילוי שפתיים | מתיחת פנים בלייזר ללא ניתוח | מתיחת צוואר ללא ניתוח | הזרקות PRP לברך | טיפול PRP ערפד לפנים | הרמת עפעפיים ללא ניתוח בלייזר | טיפול PRP לשיער",19,https://beautyfind.co.il/ops/businesses/branch/a3d15045-f65e-4e60-ab93-fc03135d67d8,https://beautyfind.co.il/sharon/biz/לייזר-פרו
2fa68a6a-e859-4918-8160-b752bfd4e86b,מרכז לרפואת שיניים אובול,נתניה,sharon,no,no_doctor,,dental-aesthetics,dental-aesthetics | facials,כתרים על גשר או שתל | ציפוי חרסינה לשיניים | כתרים לאחר פעולת שורש | כתרים עשויים זירקוניה | ציפוי חרסינה על השן | כתרים לאחר טיפול שורש | הלבנת שיניים | כתרים | השתלות שיניים | ציפוי חרסינה – EMAX | ציפוי שיניים | כתרים בשיניים,12,https://beautyfind.co.il/ops/businesses/branch/2fa68a6a-e859-4918-8160-b752bfd4e86b,https://beautyfind.co.il/sharon/biz/מרכז-לרפואת-שיניים-אובול
c5c75f84-9b81-4d07-9ce9-3add023f37a1,מרפאת שיניים בנתניה Les Experts,נתניה,sharon,no,no_doctor,,dental-aesthetics,dental-aesthetics,ניתוחים | טיפולי הבוטוקס כוללים | יישור שיניים עם | ליישור שיניים | כתבה על שירות ציפוי שיניים | INVISALIGN | הלבנת שיניים | יישור שיניים,8,https://beautyfind.co.il/ops/businesses/branch/c5c75f84-9b81-4d07-9ce9-3add023f37a1,https://beautyfind.co.il/sharon/biz/les-experts
dc3ca778-df30-4a41-99bc-fbe9f45225a6,קוסמטיקה מתקדמת - NÖNY aesthetics,נתניה,sharon,no,no_doctor,,facials,facials | medical-aesthetics | spa-massage,Mesotherapy | מזותרפיה לפנים,2,https://beautyfind.co.il/ops/businesses/branch/dc3ca778-df30-4a41-99bc-fbe9f45225a6,https://beautyfind.co.il/sharon/biz/nony-aesthetics
35f921c0-fa05-431e-a420-9ff627f16f2c,קליניקה הילסקין,נתניה,sharon,no,no_doctor,,facials,facials | hair-removal | medical-aesthetics | body-contouring,"הזרקות בוטוקס וחומצה היאלורונית | הזרקות בוטוקס, בוסטרים וחומצה",2,https://beautyfind.co.il/ops/businesses/branch/35f921c0-fa05-431e-a420-9ff627f16f2c,https://beautyfind.co.il/sharon/biz/קליניקה-הילסקין
3bf354d9-8e47-4f09-80d5-f126438185ff,שני טוב - קוסמטיקאית מומחית,נתניה,sharon,no,no_doctor,,facials,facials,מזותרפיה,1,https://beautyfind.co.il/ops/businesses/branch/3bf354d9-8e47-4f09-80d5-f126438185ff,https://beautyfind.co.il/sharon/biz/שני-טוב-קוסמטיקאית-מומחית
fa33a3ec-6f06-4db0-928b-f4923a5fd985,Nelly Davidov,בני ברק,dan,no,no_doctor,,brows-lashes,brows-lashes | hair-removal | permanent-makeup | facials | medical-aesthetics,הבא תיחום ומילוי שפתיים הבא | תיחום ומילוי שפתיים,2,https://beautyfind.co.il/ops/businesses/branch/fa33a3ec-6f06-4db0-928b-f4923a5fd985,https://beautyfind.co.il/dan/biz/nelly-davidov
f4498f47-9e11-4acc-8c1e-ec0263c29d39,Queens Clinic,בני ברק,dan,no,no_doctor,,medical-aesthetics,medical-aesthetics | plastic-surgery | facials,ייעוץ סקין בוסטר 050-606-0773 | מילוי לחיים | ללא ניתוח | פיסול קו לסת ללא ניתוח | שאלות נפוצות על חומצה היאלורונית | מילוי שפתיים | סוגי טיפולים בחומצה היאלורונית | הזרקות חומצה היאלורונית | סקין בוסטר ב רמת השרון | סקולפטרה ב רמת השרון | חומצה היאלורונית ב רמת השרון | בוטוקס ב רמת השרון | סקין בוסטר ב תל אביב | סקולפטרה ב תל אביב | חומצה היאלורונית ב תל אביב | בוטוקס ב תל אביב | סקין בוסטר ב רמת גן | סקולפטרה ב רמת גן | חומצה היאלורונית ב רמת גן | בוטוקס ב רמת גן | סקין בוסטר ב בני ברק | סקולפטרה ב בני ברק | חומצה היאלורונית ב בני ברק | בוטוקס ב בני ברק | סקין בוסטר ב עפולה | סקולפטרה ב עפולה | חומצה היאלורונית ב עפולה | בוטוקס ב עפולה | שאלות נפוצות על בוטוקס | הזרקות בוטוקס | פילר בבני ברק | בוטוקס בבני ברק | חומצה היאלורונית | סקולפטרה | SCULPTRA | טיפולי סקולפטרה | skin booster | סקין בוסטר | בוטוקס | Sculptra treatments,40,https://beautyfind.co.il/ops/businesses/branch/f4498f47-9e11-4acc-8c1e-ec0263c29d39,https://beautyfind.co.il/dan/biz/queens-clinic
a57a1329-5ad6-4d1f-9e1e-9b61c67e490b,ביוטי שופ,בני ברק,dan,no,no_doctor,,hair-removal,hair-removal | facials | brows-lashes | nails | tanning,מזותרפיה,1,https://beautyfind.co.il/ops/businesses/branch/a57a1329-5ad6-4d1f-9e1e-9b61c67e490b,https://beautyfind.co.il/dan/biz/ביוטי-שופ
1078a5f6-3eea-4596-9f92-529340285f7f,"ד""ר צחי שלקוביץ' רופא עור",בני ברק,dan,no,stated_doctor,ד״ר צחי שלקוביץ',facials,facials | medical-aesthetics | hair-restoration | plastic-surgery,נשירת שיער | פלזמה | מילון ה-PRP השלם | Home PRP | יצירת ה-PRP | תמונות לפני ואחרי תהליך PRP​ | לשימור תוצאות לאחר השתלת שיער | נשירת שיער הורמונלית או גנטית | PRP TS-14 | PRP TS-8 | סוגי טיפולי PRP במרפאה | PRP הפתרון הטבעי לנשירה והתקרחות | ונשירת שיער כבר 30 שנה | התקרחות ונשירת שיער | פיסול פנים ללא ניתוח | הזרקות מילוי ובוטוקס | HOME PRP לטיפול ביתי | PRP בריכוז גבוה | נשירת שיער והתקרחות | טיפול בנשירת שיער,20,https://beautyfind.co.il/ops/businesses/branch/1078a5f6-3eea-4596-9f92-529340285f7f,https://beautyfind.co.il/dan/biz/דר-צחי-שלקוביץ-רופא-עור
d752b52e-4786-4ee7-9399-4ca9cf95dbce,יפה מקסימוב מרכזי אסתטיקה,בני ברק,dan,no,no_doctor,,facials,facials | hair-removal | medical-aesthetics | body-contouring | plastic-surgery,מתיחת פנים עדינה לעור חלק | הזרקת רדיאס | טיפול בצלקות שנותרו מניתוחים | הזרקת חומצה היאלורונית | הזרקות בוטוקס | מזותרפיה | מילוי שפתיים | מתיחת פנים ללא ניתוח,8,https://beautyfind.co.il/ops/businesses/branch/d752b52e-4786-4ee7-9399-4ca9cf95dbce,https://beautyfind.co.il/dan/biz/יפה-מקסימוב-מרכזי-אסתטיקה
c7097206-e55b-4364-b5ae-94687e3a321f,ליטל פוניס - המרכז הישראלי לטיפולי אנטי אייג'ינג,בני ברק,dan,no,no_doctor,,facials,facials | medical-aesthetics,הרמת פנים ללא ניתוח,1,https://beautyfind.co.il/ops/businesses/branch/c7097206-e55b-4364-b5ae-94687e3a321f,https://beautyfind.co.il/dan/biz/ליטל-פוניס-המרכז-הישראלי-לטיפולי-אנטי-אייגינג
151893ab-a3c3-4c07-a749-7f79b3988516,צביה וקוסמטיקה - קוסמטיקאית ברמת גן,בני ברק,dan,no,no_doctor,,facials,facials | medical-aesthetics,טיפול מזותרפיה - מיקרונידלינג | מזותרפיה – מיקרונידלינג | מזותרפיה,3,https://beautyfind.co.il/ops/businesses/branch/151893ab-a3c3-4c07-a749-7f79b3988516,https://beautyfind.co.il/dan/biz/צביה-וקוסמטיקה-קוסמטיקאית-ברמת-גן
6611c0e4-07de-4fd4-9942-698577a5bcc5,Dr. Yosef Ben Yosef,גבעת שמואל,dan,no,stated_doctor,Dr. Yosef Ben Yosef,dental-aesthetics,dental-aesthetics,השתלות שיניים ממוחשבות ובלייזר | Teeth whitening,2,https://beautyfind.co.il/ops/businesses/branch/6611c0e4-07de-4fd4-9942-698577a5bcc5,https://beautyfind.co.il/dan/biz/dr-yosef-ben-yosef
8a0ee01f-dcd5-4570-9f80-6b4389ea28db,"מרפאת שיניים ד""ר נעים דנט | מרפאת שיניים בגבעת שמואל",גבעת שמואל,dan,no,stated_doctor,ד״ר נעים דנט,dental-aesthetics,dental-aesthetics | facials,ניתוח חניכיים (פלאפ סרג'רי) | הלבנת שיניים ZOOM | השתלות שיניים | Teeth whitening,4,https://beautyfind.co.il/ops/businesses/branch/8a0ee01f-dcd5-4570-9f80-6b4389ea28db,https://beautyfind.co.il/dan/biz/מרפאת-שיניים-דר-נעים-דנט-מרפאת-שיניים-בגבעת-שמואל
4d1dad4a-6df4-4298-848f-1f166188681f,בוטיק הקוסמטיקה של מרינה,גבעתיים,dan,no,no_doctor,,facials,facials | nails | medical-aesthetics | hair-restoration,טיפול אנטי אייג'ינג מזותרפיה | מזותרפיה | נשירת שיער | טיפולים בנשירת שיער | טיפולי פלזמה,5,https://beautyfind.co.il/ops/businesses/branch/4d1dad4a-6df4-4298-848f-1f166188681f,https://beautyfind.co.il/dan/biz/בוטיק-הקוסמטיקה-מרינה
5c9a3fb2-101d-46fd-8f24-a1271f32a8b8,דר אלה אגוזי ריינמן- רופאה מומחית ברפואת עור ובטיפולי אסתטיקה רפואית,גבעתיים,dan,no,no_doctor,,medical-aesthetics,medical-aesthetics | facials | hair-restoration | plastic-surgery,טיפול prp לפנים | טיפול סקין בוסטר | טיפול מזותרפיה לפנים | טיפול בצלקות אחרי ניתוח | טיפול בנשירת שיער | מתיחת פנים לפני אחרי | בוטוקס לגברים | מזותרפיה לשיער | טיפול prp לשיער | טיפול בנשירת שיער גברים | טיפול בנשירת שיער נשים | נשירת שיער | טיפולי בוטוקס,13,https://beautyfind.co.il/ops/businesses/branch/5c9a3fb2-101d-46fd-8f24-a1271f32a8b8,https://beautyfind.co.il/dan/biz/דר-אלה-אגוזי-ריינמן-רופאה-מומחית-ברפואת-עור-ובטיפולי-אסתטיקה
a8b1cf9c-72c8-42a2-bdbf-3a8d979b5cc8,שרי ארז - מרכז לאסתטיקה טכנולוגית וקוסמטיקה רפואית,גבעתיים,dan,no,no_doctor,,facials,facials | medical-aesthetics,טיפול פלזמה קמטים,1,https://beautyfind.co.il/ops/businesses/branch/a8b1cf9c-72c8-42a2-bdbf-3a8d979b5cc8,https://beautyfind.co.il/dan/biz/שרי-ארז-מרכז-לאסתטיקה-טכנולוגית-וקוסמטיקה-רפואית
782d97ce-4746-42bd-bb43-19dab6e989aa,יופי קורן,חולון,dan,no,no_doctor,,facials,facials | plastic-surgery,מזותרפיה מחירים | הרמת עפעפיים | ניתוח עפעפיים | מתיחת פנים | מתיחת פנים ללא ניתוח,5,https://beautyfind.co.il/ops/businesses/branch/782d97ce-4746-42bd-bb43-19dab6e989aa,https://beautyfind.co.il/dan/biz/יופי-קורן
e4bb2fd2-4791-4d00-b881-b972d91ae9a8,"מרפאת שיניים ד""ר אבייב - יישור שיניים שקוף Invisalign בחולון",חולון,dan,no,stated_doctor,ד״ר אבייב,dental-aesthetics,dental-aesthetics,הלבנת שיניים | יישור שיניים שקוף | ### [הלבנת שיניים](/whitening) | ### [ציפויי שיניים](/veneers) | ### [יישור שיניים שקוף](/invisalign),5,https://beautyfind.co.il/ops/businesses/branch/e4bb2fd2-4791-4d00-b881-b972d91ae9a8,https://beautyfind.co.il/dan/biz/invisalign
f6ada3ef-6eb6-49d7-bd74-b8892cb59a33,BorimskyCosmetic Boutique,רמת גן,dan,no,no_doctor,,facials,facials | medical-aesthetics | spa-massage,הלבנת שיניים | BOTOX/Dysport | Restylane Skinboosters | MesoRadiesse | Radiesse тм | מזותרפיה | ProFhilo | מילוי שפתיים | טיפול בוטוקס,9,https://beautyfind.co.il/ops/businesses/branch/f6ada3ef-6eb6-49d7-bd74-b8892cb59a33,https://beautyfind.co.il/dan/biz/borimskycosmetic-boutique
55c8d098-e68e-4f3a-92c2-42e98dd81d91,Deborah Cosmetics,רמת גן,dan,no,no_doctor,,facials,facials | medical-aesthetics | hair-removal | spa-massage | permanent-makeup | hair-salons | brows-lashes | nails,מזותרפיה,1,https://beautyfind.co.il/ops/businesses/branch/55c8d098-e68e-4f3a-92c2-42e98dd81d91,https://beautyfind.co.il/dan/biz/deborah-cosmetics
2b9aa1e9-5f31-49dc-9ad3-28a450c51ebf,Dr. Eini - Ramat Gan Clinic,רמת גן,dan,no,stated_doctor,Dr. Eini,dental-aesthetics,dental-aesthetics,יתרונות שיטת אינויזליין | יישור שיניים שקוף אינויזליין | מאמרים בנושא יישור שיניים ואורתודונטיה | מומחה ליישור שיניים ולסתות | יישור שיניים אינויזליין | יישור שיניים לילדים ובני נוער | יישור שיניים בשיטת אינויזליין | יישור שיניים בעזרת | יישור שיניים באמצעות גשר שקוף | אינויזליין | מאמרים בנושא יישור שיניים ואורטודנטיה | מאמרים בנושא אינויזליין | יישור שיניים למבוגרים,13,https://beautyfind.co.il/ops/businesses/branch/2b9aa1e9-5f31-49dc-9ad3-28a450c51ebf,https://beautyfind.co.il/dan/biz/dr-eini-ramat-gan-clinic
a2e99842-8291-4be3-b41c-b65feb91c9e4,Leading aesthetic clinic - Dr. Shapiro,רמת גן,dan,no,stated_doctor,Dr. Shapiro,medical-aesthetics,medical-aesthetics | facials | plastic-surgery | permanent-makeup | body-contouring,טכנולוגיה פורצת דרך בטיפולי PRP | מילוי ידיים עם חומצה היאלורונית | בוטוקס להזעת יתר | בוטוקס בצוואר | מתיחת צוואר ללא ניתוח | מילוי סנטר | מילוי קמטים מסביב לפה | על ידי הזרקת חומצה היאלורונית | בוטוקס הזעת יתר | סקין בוסטר (SKIN BOOSTER) | כטיפול משלים לבוטוקס | בוטוקס | מתיחה טבעית ללא ניתוח | פיסול אף ללא ניתוח | מילוי קמטים והשבת נפחים | טיפולי בוטוקס במצח | טיפול בוטוקס במצח | רדיאס / Radiesse | מזותרפיה | עיצוב ומילוי שפתיים | הזרקות בוטוקס – בוטוליניום | מילוי קמטים | הרמת גבות בחוטים,23,https://beautyfind.co.il/ops/businesses/branch/a2e99842-8291-4be3-b41c-b65feb91c9e4,https://beautyfind.co.il/dan/biz/leading-aesthetic-clinic-dr-shapiro
396b0f47-4c94-4e45-be30-8b32c5299ccb,"ד""ר ללוש - מדע מוכח ליופי שלך",רמת גן,dan,no,stated_doctor,ד״ר ללוש,facials,facials | medical-aesthetics | plastic-surgery,הרמת עפעפיים והעלמת קמטוטים | פיבורבלסט להרמת עפעפיים | מזותרפיה פועלת בשני מישורים | מזותרפיה לטיפול בקמטים וחידוש העור | מזותרפיה לטיפול בצלקות | ללא ניתוח וזמן החלמה | טיפול מזותרפיה לצלקות | סקין בוסטר | מזותרפיה | הרמת עפעפיים,10,https://beautyfind.co.il/ops/businesses/branch/396b0f47-4c94-4e45-be30-8b32c5299ccb,https://beautyfind.co.il/dan/biz/דר-ללוש-מדע-מוכח-ליופי-שלך
1752138a-ea22-40b5-a591-5e170fe17b37,דר' שי יצחק דובדבני - אף אוזן גרון ניתוחים רפואיים ופלסטיים אסתטיים,רמת גן,dan,no,stated_doctor,ד״ר שי יצחק דובדבני,plastic-surgery,plastic-surgery | medical-aesthetics,תמונות ניתוח הצמדת הקטנת אוזניים | אחרי הניתוח | לפני הניתוח | הרמת / מתיחת פנים וצוואר | החזרת שבר אף ללא ניתוח | שימושים של חומצה היאלורונית | חומצה היאלורונית | הזרקת בוטוקס / דיספורט | ניתוח אף פלסטי - Rhinoplasty | תיקון / שיחזור ללא ניתוח | ניתוחים משולבים רפואי ואסתטי | ניתוחים אסתטיים | ניתוחים רפואיים | תיקון אוזניים לתינוקות ללא ניתוח | ניתוחי אוזניים | הזרקת חומצה היאלורונית | ניתוח עפעפיים - Blepharoplasty | ניתוח סינוסנים אנדוסקופי (FESS),18,https://beautyfind.co.il/ops/businesses/branch/1752138a-ea22-40b5-a591-5e170fe17b37,https://beautyfind.co.il/dan/biz/דר-שי-יצחק-דובדבני-אף-אוזן-גרון-ניתוחים-רפואיים-ופלסטיים-אסת
83773757-43ad-4a1a-8a32-4838b8ffe3be,מרפאת שיניים אורן באר שבע,רמת גן,dan,no,no_doctor,,dental-aesthetics,dental-aesthetics,הזרקות בוטוקס | כתרים e max | כתרים | הלבנת שיניים | Teeth whitening,5,https://beautyfind.co.il/ops/businesses/branch/83773757-43ad-4a1a-8a32-4838b8ffe3be,https://beautyfind.co.il/dan/biz/מרפאת-שיניים-אורן-באר-שבע
6ce6a534-9359-40f3-bfb6-8d631d3724ea,Absolute Esthetics by Andrea,תל אביב–יפו,dan,no,no_doctor,,facials,facials | medical-aesthetics | spa-massage | hair-removal | brows-lashes,Dermal Fillers | Botox,2,https://beautyfind.co.il/ops/businesses/branch/6ce6a534-9359-40f3-bfb6-8d631d3724ea,https://beautyfind.co.il/dan/biz/absolute-esthetics-by-andrea
e7f4f6f5-896d-43dc-8ec8-6f800b29887c,Cosmetology Tel-Aviv קוסמטיקאית תל אביב,תל אביב–יפו,dan,no,no_doctor,,facials,facials | medical-aesthetics | spa-massage | hair-removal | nails,Ботокс подмышки,1,https://beautyfind.co.il/ops/businesses/branch/e7f4f6f5-896d-43dc-8ec8-6f800b29887c,https://beautyfind.co.il/dan/biz/cosmetology-tel-aviv
54ee89bb-3240-4ccd-bf88-bdcdb2dd189e,Doctor Ram Silfen - Tel Aviv Plastic,תל אביב–יפו,dan,no,no_doctor,,plastic-surgery,plastic-surgery | medical-aesthetics | facials,ניתוח הרמת מצח | הרמת חזה | שאיבת שומן | מתיחת בטן | תהליך ההחלמה לאחר הניתוח | ניתוח להסרת שומן מהלחי רק | ניתוח האף | במרכז לניתוחים פלסטיים | ניתוחי גוף טיפול בעודפי עור | ניתוחים לסילוק עודפי עור | רק במרכז לניתוחים פלסטיים | Home / ניתוחי גוף | הפסיכולוגיה שמאחורי ניתוחים אסתטיים | ניתוחים פלסטיים במגזר החרדי | טיפול PRP | ניתוחי הרמת חזה | ניתוחים וטיפולים אסתטיים לאורך ההיסטוריה | טיפול מיקרונידלינג (מזותרפיה) | טיפול בחומצה היאלורונית | טיפול ברדיאס | ניתוח להסרת שומן מהלחי | ניתוח FFS | הגדלת חזה | ניתוח גניקומסטיה | ניתוח הקטנת חזה | ניתוח הרמת חזה | ניתוח שחזור שד | ניתוח לחיטוב הגוף | ניתוח מתיחת בטן | ניתוח מתיחת זרועות | ניתוח מתיחת ירכיים | ניתוח עיצוב הטבור | ניתוח עיצוב ישבן | ניתוח פלסטיקה וגינלית | ניתוח שאיבת שומן | ניתוחי גידולי עור | ניתוח הצמדת אוזניים | ניתוח הרמת גבות | ניתוח הרמת עפעפיים | ניתוח מתיחת פנים | ניתוחי אף | ניתוחי סנטר | ניתוחי חזה הם הרבה | ניתוחי | ניתוחי גוף | ניתוחי חזה | ניתוחי פנים,47,https://beautyfind.co.il/ops/businesses/branch/54ee89bb-3240-4ccd-bf88-bdcdb2dd189e,https://beautyfind.co.il/dan/biz/doctor-ram-silfen-tel-aviv-plastic
b4da1f26-c7b3-444b-a71c-ee0f6f082877,H.Clinic | לייזר ואסתטיקה,תל אביב–יפו,dan,no,no_doctor,,facials,facials | medical-aesthetics | hair-removal,PRP ומזותרפיה - טיפול בהתקרחות | PRP - לאחר השתלה,2,https://beautyfind.co.il/ops/businesses/branch/b4da1f26-c7b3-444b-a71c-ee0f6f082877,https://beautyfind.co.il/dan/biz/h-clinic
7cbf57bc-682f-4799-adb8-f07fcd7faf8c,Lavic Beauty & Advanced Cosmetology,תל אביב–יפו,dan,no,no_doctor,,facials,hair-removal | nails | hair-salons | brows-lashes | medical-aesthetics | spa-massage | body-contouring | makeup | facials,Mesotherapy | Botox treatments,2,https://beautyfind.co.il/ops/businesses/branch/7cbf57bc-682f-4799-adb8-f07fcd7faf8c,https://beautyfind.co.il/dan/biz/lavic-beauty-and-advanced-cosmetology
c97ce44a-ce4d-412a-adeb-44258f3ca251,Or medical cosmetic treatments,תל אביב–יפו,dan,no,no_doctor,,facials,facials | medical-aesthetics | brows-lashes | spa-massage | permanent-makeup | hair-removal | hair-salons,מזותרפיה / דרמה-פן | מזותרפיה,2,https://beautyfind.co.il/ops/businesses/branch/c97ce44a-ce4d-412a-adeb-44258f3ca251,https://beautyfind.co.il/dan/biz/or-medical-cosmetic-treatments
428f7a54-124c-4b2c-917a-1c0772906303,"PRPclinic - טיפולי PRP, IPRF ו-CGF לנשירת שיער ואסתטיקה רפואית",תל אביב–יפו,dan,no,no_doctor,,medical-aesthetics,medical-aesthetics | hair-restoration | facials,מבצע בוטוקס 3 אזורים | מחירון בוטוקס | בוטוקס 3 אזורים מבצע | יעוץ בנושא נשירת שיער | הזרקת פלזמה לברך | טיפול PRP לברך | הזרקת פלזמה לכתף | טיפול PRP לכתף | הזרקת פלזמה לירך | טיפול PRP לירך | מחיר עבור טיפולי PRP אורתופדיים | הסקין בוסטר המקורי לזמן מוגבל | דיספורט או בוטוקס | בוטוקס (אזור אחד) | מזותרפיה (בנפרד) | Activated PRP / CGF | טיפול משולב PRP ו-IPRF | PRP/IPRF קלאסי | מחירון טיפולים – PRP Clinic | PRP Clinic | סקין בוסטר – המדריך המלא | בוטוקס לצוואר | טיפול בוטוקס להזעת יתר בחזה | בוטוקס בסנטר לעור תפוזי | בוטוקס לקרקפת | טיפול PRGF לנשירת שיער | ברוכים הבאים ל- PRP Clinic | לפני ואחרי PRP | מחיר בוטוקס | סקולפטרה – חומצה פולילקטית | סקין בוסטר | פלזמה ג‘ל / נטורל פילר | PRP לירך | PRP למרפק | הזרקת PRP לכתף | זריקת PRP לברך | PRP אורתופדי | בוטוקס להזעת יתר | בוטוקס למיגרנות | בוטוקס לפנים | בוטוקס | טיפול PRP | טיפול PRP לפנים | טיפול PRP לשיער | מזותרפיה | Activated PRP | PRP,47,https://beautyfind.co.il/ops/businesses/branch/428f7a54-124c-4b2c-917a-1c0772906303,https://beautyfind.co.il/dan/biz/prpclinic-prp-iprf-cgf
23aa6881-bebf-4804-982d-727428129ef1,TALETSKY ROOM TLV,תל אביב–יפו,dan,no,no_doctor,,facials,facials | medical-aesthetics,Mesotherapy,1,https://beautyfind.co.il/ops/businesses/branch/23aa6881-bebf-4804-982d-727428129ef1,https://beautyfind.co.il/dan/biz/taletsky-room-tlv
b471583e-01ec-4a83-82f2-82912addd521,Winkler Clinic - Prof. Eyal Winkler,תל אביב–יפו,dan,no,stated_doctor,Prof. Eyal Winkler,medical-aesthetics,medical-aesthetics | plastic-surgery | facials,Fillers | מילוי קמטים - וינקלר קליניק | הזרקות בוטוקס | ניתוחים קוסמטיים נוספים | ניתוחים פופולריים | לכל הניתוחים הקוסמטיים | ניתוח עפעפיים עליונים ותחתונים | PRP (Platelet Rich Plasma) | בוטוקס כטיפול בהזעה | סקולפטרה | הזרקות סקין בוסטר לצוואר ולמחשוף | מתיחת פנים ללא ניתוח (אולטרפורמר) | מתיחת צוואר ללא ניתוח (אולטרפורמר) | הזרקות סקין בוסטר לפנים | מילוי קמטים | מתיחת בטן | ניתוח שאיבת שומן | שאיבת שומן מונחית לייזר | הקטנת חזה | הרמת חזה | הגדלת חזה | ניתוח סנטר | הרמת עפעפיים | ניתוח אף | מתיחת פנים | פתח ניתוחים קוסמטיים | סגור ניתוחים קוסמטיים | ניתוחים קוסמטיים,28,https://beautyfind.co.il/ops/businesses/branch/b471583e-01ec-4a83-82f2-82912addd521,https://beautyfind.co.il/dan/biz/winkler-clinic-prof-eyal-winkler
2bfb8414-092f-460d-86f5-6e60f0a007ba,ZOI Med Aesthetics - מרפאת זוי,תל אביב–יפו,dan,no,no_doctor,,facials,facials | medical-aesthetics | plastic-surgery,מילוי שפתיים | טיפול PRP | הרמת עפעפיים ללא ניתוח כירורגי | הרמת עפעפיים - ZOI Med | PRP | עיצוב ומילוי שפתיים | טיפול PRP/IPRF | פיסול פנים ופילרים | סקין בוסטר | טיפול בהזעת יתר ללא ניתוח | PRP / IPRF | הרמת עפעפיים | פיסול אף ללא ניתוח | עיצוב מילוי שפתיים | בוטוקס לגבר | בוטוקס,16,https://beautyfind.co.il/ops/businesses/branch/2bfb8414-092f-460d-86f5-6e60f0a007ba,https://beautyfind.co.il/dan/biz/zoi-med-aesthetics
b31e7964-7cb9-420e-86ad-9b8a746d6975,myclinic Lillienblum,תל אביב–יפו,dan,no,no_doctor,,facials,facials | medical-aesthetics | plastic-surgery | spa-massage | body-contouring | hair-removal,Sculptra Corps | Radiesse Corps | Sculptra | Radiesse | Skin Booster | Botox | Rhino Filler | Lip Filler | Nose Filler | Facelift | Mesotherapy | Botox treatments,12,https://beautyfind.co.il/ops/businesses/branch/b31e7964-7cb9-420e-86ad-9b8a746d6975,https://beautyfind.co.il/dan/biz/myclinic-lillienblum
39725c0f-27d3-43e2-b215-b440c24530bc,איילת גייר השתלות שיער בישראל וטיפולים מתקדמים,תל אביב–יפו,dan,no,no_doctor,,hair-restoration,hair-restoration | medical-aesthetics | hair-salons,"FUE – DHI/ Sapphire | FUE – Canal – Sapphire | השתלת שיער איילת גייר בית | פלזמה מועשרת | מזותרפיה | טיפול פלזמה – שלושה שלבים | פחות נשירת שיער | יתרונות הפלזמה המועשרת | נשירת שיער חריגה לאורך זמן | השתלת שיער לגברים | השתלת שיער לגבות | השתלת שיער ישראל | השתלת שיער טורקיה | השתלת שיער טבעי | השתלות שיער גבות Short FUE | השתלת שיער ישראל המשיכו לקרוא | EVERYTHING ABOUT HAIR TRANSPLANTS | השתלת שיער בשיטת ״איילת גייר״ | טיפולי פלזמה מועשרת | טיפולי פלזמה | Long FUE + Short FUE | Micro FUE with Sapphire | נעים להכיר, השתלת שיער | השתלת שיער לנשים | השתלת שיער – DHI | השתלת שיער – FUE | טיפולי פלזמה i-PRF Cellbooster | השתלת שיער - זקן | השתלת שיער - גבות | Long FUE | Short FUE | אבחון והתאמה להשתלת שיער | טיפולי פלזמה (PRP) | השתלת שיער סינתטי | השתלת שיער בזקן | השתלת שיער בגבות | Micro FUE | DHI | השתלת שיער נשים | השתלת שיער גברים | השתלת שיער",41,https://beautyfind.co.il/ops/businesses/branch/39725c0f-27d3-43e2-b215-b440c24530bc,https://beautyfind.co.il/dan/biz/איילת-גייר-השתלות-שיער-בישראל-וטיפולים-מתקדמים
4c6fbe8b-f945-4e62-8586-8c94d711366f,אנזו מד Anzo Med,תל אביב–יפו,dan,no,no_doctor,,medical-aesthetics,medical-aesthetics | facials | hair-restoration | plastic-surgery | permanent-makeup | hair-salons,מזותרפיה בשילוב סקין בוסטר | טיפול PRP | טיפול בהזעת יתר ללא ניתוח | PRP / IPRF שחזור שיער | טיפול PRP / IPRF | סטטיסטיקה וניתוח נתונים | מתיחת פנים בחוטים | בוטוקס לטיפול בקמטים | PRP / IPRF | Botox / Dysport | בוטוקס וקמטים | סקין בוסטר ופילינג בקליניקה | סקין בוסטר | הרמת עפעפיים,14,https://beautyfind.co.il/ops/businesses/branch/4c6fbe8b-f945-4e62-8586-8c94d711366f,https://beautyfind.co.il/dan/biz/anzo-med
e0e7c443-ee21-4be5-8bb3-2568adf37232,אתר דוקטור חן,תל אביב–יפו,dan,no,no_doctor,,facials,facials | medical-aesthetics | hair-restoration | plastic-surgery | dental-aesthetics | nails | body-contouring,פלזמה רפואית | פלזמה | קריטריון לייזר פלזמה ניתוח | מחיר ציפוי חרסינה לשיניים בגאורגיה | מחיר השתלות שיניים בגאורגיה | השתלת שיער - בלוג | השתלת שיער בטורקיה | ניתוח הרמת עפעפיים בגאורגיה | ניתוח הצמדת אוזניים בגאורגיה | הקטנת חזה בגאורגיה | ניתוח הגדלת חזה בגאורגיה | ניתוח מתיחת צוואר בגאורגיה | ניתוח מתיחת פנים בגאורגיה | ניתוח מתיחת בטן בגאורגיה | שאיבת שומן בגאורגיה | ניתוח אף בגאורגיה | השתלת זקן בגאורגיה | ניתוחים פלסטיים בגאורגיה | השתלת גבות בגאורגיה | השתלת שיער בגאורגיה | המסת שומן ללא ניתוח | הרמת עפעפיים ללא ניתוח | פיסול אף ללא ניתוח | מתיחת פנים עם חוטים | עיבוי שפתיים/מילוי שפתיים | מתיחת פנים ללא ניתוח | מתיחת צוואר ללא ניתוח | מילוי קמטים והעלמתם | הזרקות PRP לברך | פלזמה ליפטינג לפנים | טיפול PRP לשיער,31,https://beautyfind.co.il/ops/businesses/branch/e0e7c443-ee21-4be5-8bb3-2568adf37232,https://beautyfind.co.il/dan/biz/אתר-דוקטור-חן
6c599493-1abb-4bb8-bb35-4738572296ca,"ד""ר אבנר בן שושן",תל אביב–יפו,dan,no,stated_doctor,ד״ר אבנר בן שושן,plastic-surgery,plastic-surgery,ניתוחים פלסטיים,1,https://beautyfind.co.il/ops/businesses/branch/6c599493-1abb-4bb8-bb35-4738572296ca,https://beautyfind.co.il/dan/biz/דר-אבנר-בן-שושן
53c9fbe6-c038-45f0-a742-9c4aa40f82f6,"ד""ר אור פרידמן מומחה לכירורגיה פלסטית משחזרת ואסתטית",תל אביב–יפו,dan,no,stated_doctor,ד״ר אור פרידמן,plastic-surgery,plastic-surgery,Multi-Level Abdominoplasty | לכל הניתוחים → | ניתוחים לאחר ירידה במשקל ← | הקטנת חזה | הניתוחים שאני מבצע | הניתוחים שלי | ניתוחים | Abdominoplasty | Breast reduction | Breast augmentation | מתיחת בטן | הרמת חזה | הגדלת חזה,13,https://beautyfind.co.il/ops/businesses/branch/53c9fbe6-c038-45f0-a742-9c4aa40f82f6,https://beautyfind.co.il/dan/biz/דר-אור-פרידמן-מומחה-לכירורגיה-פלסטית-משחזרת-ואסתטית
7cdcfeb1-e294-4fd3-8c35-6af5e10b5669,"ד""ר אורי שבשין- מנתח פלסטי",תל אביב–יפו,dan,no,stated_doctor,ד״ר אורי שבשין,plastic-surgery,plastic-surgery,התמחות בניתוחי מוהס (MOHS) בפנסילבניה | MOHS וניתוחי שד,2,https://beautyfind.co.il/ops/businesses/branch/7cdcfeb1-e294-4fd3-8c35-6af5e10b5669,https://beautyfind.co.il/dan/biz/דר-אורי-שבשין-מנתח-פלסטי
89213fc9-41cb-45ef-8025-37c7f5d2506a,"ד""ר אידלמן יצחק רופא שיניים",תל אביב–יפו,dan,no,stated_doctor,ד״ר אידלמן יצחק,dental-aesthetics,dental-aesthetics,ציפוי חרסינה קוסמטיים | הלבנת שיניים ביתית | הלבנת שיניים | כתרים וגשרים | להלן סוגי הכתרים הקיימים | כתרים וגשרים ברפואת שיניים | סוגי כתרים | יישור שיניים - אורתודונטיה | כתרים בטכנולוגיית תלת-ממד | כתרים לשיניים | השתלות שיניים – שתלים דנטליים | יישור שיניים | השתלות שיניים,13,https://beautyfind.co.il/ops/businesses/branch/89213fc9-41cb-45ef-8025-37c7f5d2506a,https://beautyfind.co.il/dan/biz/דר-אידלמן-יצחק-רופא-שיניים
23ca4a86-1c20-4b51-a8b6-30a5c76f4a95,"ד""ר אכי פרידמן",תל אביב–יפו,dan,no,stated_doctor,ד״ר אכי פרידמן,facials,facials | hair-removal | medical-aesthetics | plastic-surgery,התקרחות ונשירת שיער | מילוי קמטים | בוטוקס,3,https://beautyfind.co.il/ops/businesses/branch/23ca4a86-1c20-4b51-a8b6-30a5c76f4a95,https://beautyfind.co.il/dan/biz/דר-אכי-פרידמן
5583a955-dc96-4c3b-9d44-3a7500bf06ba,"ד""ר אלי כלב - רפואה אסתטית ללא ניתוח",תל אביב–יפו,dan,no,stated_doctor,ד״ר אלי כלב,medical-aesthetics,medical-aesthetics | facials | plastic-surgery | hair-restoration | permanent-makeup | hair-salons,סקולפטרה / Sculptra (טיפול בודד) | מזרק ראדיאס - RADIESSE | מחירון הזרקות בוטוקס | המסת שומן ללא ניתוח | Sculptra / סקולפטרה | מילוי חומצה היאלורונית | מזותרפיה | טיפולי בוטוקס | טיפול בוטוקס למיגרנה | SCULPTRA | השתלת שיער | מתיחת פנים | מזותרפיה (5 טיפולים) | הזרקת מזובוטוקס | הזרקת בוטוקס לקימטוטים סביב השפתיים | הזרקת בוטוקס לאיזור העיניים | הזרקת בוטוקס לאיזור המצח | הזרקת בוטוקס לאיזור הגבות,18,https://beautyfind.co.il/ops/businesses/branch/5583a955-dc96-4c3b-9d44-3a7500bf06ba,https://beautyfind.co.il/dan/biz/דר-אלי-כלב-רפואה-אסתטית-ללא-ניתוח
1a02e569-909f-430f-82f6-3a144f206baa,"ד""ר דורון אבניאלי, השתלות שיניים, טיפולי שיניים בהרדמה מלאה",תל אביב–יפו,dan,no,stated_doctor,ד״ר דורון אבניאלי,dental-aesthetics,dental-aesthetics,השתלות שיניים לשיפור ההופעה והבריאות | השתלות שיניים – הצלחות וכשלונות | השתלות שיניים – טיפול בפריאימפלנטיטיס | השתלות שיניים בחולי סוכרת | השתלות שיניים – מתי לבצע | השתלות שיניים | כתרים על שיניים | השתלות שיניים בהרדמה מלאה | השתלות שיניים ביום אחד,9,https://beautyfind.co.il/ops/businesses/branch/1a02e569-909f-430f-82f6-3a144f206baa,https://beautyfind.co.il/dan/biz/דר-דורון-אבניאלי-השתלות-שיניים-טיפולי-שיניים-בהרדמה-מלאה
73dcc4d5-53ab-492c-847c-0c9ebe462c3d,"ד""ר דרור בן-שלמה רופא שיניים וטיפולים אסתטיים בתל אביב",תל אביב–יפו,dan,no,stated_doctor,ד״ר דרור בן,dental-aesthetics,dental-aesthetics | facials,יעילות הלבנת שיניים | כתרים דנטלים - שאלות נפוצות | אחרי - כתרים שנראים טבעי | לפני - כתרים פגומים | דוגמה להחלפת כתרים פגומים | Advantages of Porcelain Veneers | Types of Porcelain for Veneers | ציפוי חרסינה - שאלות נפוצות | כתרים דנטליים | Categories הלבנת שיניים | כתרים | הלבנת שיניים – הוראות | הלבנת שיניים | ציפוי חרסינה | השתלות שיניים והשתלות מונחות מחשב | ✕ טיפולי שיניים כתרים דנטליים | השתלות שיניים,17,https://beautyfind.co.il/ops/businesses/branch/73dcc4d5-53ab-492c-847c-0c9ebe462c3d,https://beautyfind.co.il/dan/biz/דר-דרור-בן-שלמה-רופא-שיניים-וטיפולים-אסתטיים-בתל-אביב
92c6dd2a-714d-4328-8de6-46744895b9b9,"ד""ר זיידמן אלון יישור שיניים נסתר",תל אביב–יפו,dan,no,stated_doctor,ד״ר זיידמן אלון יישור,dental-aesthetics,dental-aesthetics | medical-aesthetics,תהליך יישור שיניים פנימי | מילוי באמצאות חומצה היאלורונית | טיפולי בוטוקס | עיצוב האף באמצאות חומצה היאלורונית | טיפולי אסתטיקה עם חומצה היאלורונית | חומצה היאלורונית שקעי עניים | חומצה היאלורונית | הזרקת חומצה היאלורונית בשפתיים | ציפוי חרסינה | יישור שיניים נסתר | מומחה ליישור שיניים למבוגרים | יישור שיניים מהיר | יישור שיניים והלבנתן | יישור שיניים שקוף | מומחה ליישור שיניים | קשתיות שקופות | הלבנת שיניים | ציפוי שיניים למינייט | קשתיות שקופות Invisalign | ציפוי שיניים | יישור שיניים שקוף – אינויזליין | יישור שיניים פנימי | יישור שיניים למבוגרים,23,https://beautyfind.co.il/ops/businesses/branch/92c6dd2a-714d-4328-8de6-46744895b9b9,https://beautyfind.co.il/dan/biz/דר-זיידמן-אלון-יישור-שיניים-נסתר
459b4ea6-3f45-44f9-940a-ba6cef88b204,"ד""ר יאיר יוסף",תל אביב–יפו,dan,no,stated_doctor,ד״ר יאיר יוסף,medical-aesthetics,medical-aesthetics | plastic-surgery | spa-massage | facials | hair-salons,מתיחת פנים בחוטים | בוטוקס וטיפול בקמטים | מתיחת פנים,3,https://beautyfind.co.il/ops/businesses/branch/459b4ea6-3f45-44f9-940a-ba6cef88b204,https://beautyfind.co.il/dan/biz/דר-יאיר-יוסף
b88742b2-8f26-47aa-8d62-b36a6d1967e5,"ד""ר כריס השתלת שיער CHOIEXPERT",תל אביב–יפו,dan,no,stated_doctor,ד״ר כריס השתלת שיער,hair-restoration,hair-restoration,PRP\PRF | השתלת שיער לנשים | השתלת שיער לגברים | מערכת מתקדמת לאבחון נשירת שיער | השתלת שיער בשיטת צ'וי | שירותי השתלת שיער נוספים | השתלת שיער בצ'וי | תוצאות השתלת שיער | השתלת שיער במראה טבעי | השתלת גבות | השתלת שיער גוף | השתלת שיער נשים | השתלת שיער בשיטת CHOI | השתלת שיער ביוון | השתלת שיער ללא גילוח | השתלת זקן,16,https://beautyfind.co.il/ops/businesses/branch/b88742b2-8f26-47aa-8d62-b36a6d1967e5,https://beautyfind.co.il/dan/biz/choiexpert
1e8c108d-20ea-4043-bd39-5461c64f0c86,"ד""ר נועם חי | מנתח פלסטי בכיר בתל אביב",תל אביב–יפו,dan,no,stated_doctor,ד״ר נועם חי,plastic-surgery,plastic-surgery | body-contouring | medical-aesthetics | facials,ניתוחי-גברים | חזיות החלמה מניתוחי חזה | הגדלת חזה מאז ועד היום | המנתח המתאים לניתוח הגדלת חזה | הפסקת עישון לפני ניתוח פלסטי | ניתוחים פלסטיים לפני הריון ולידה | ניתוחי הגדלת חזה | ניתוח מתיחת בטן והרמת חזה | ניתוח מתיחת בטן | ניתוחים פלסטיים | ניתוח הגדלת חזה | הרמת חזה מחיר | ניתוח טשטוש צלקת | ניתוח מאמי מייקאובר | הגדלת חזה | ניתוחים פלסטים לגברים | ניתוחי גוף | מילוי נפחים עם חומצה היאלורונית | טיפולי בוטוקס | גניקומסטיה (הקטנת חזה בגברים) | הרמת חזה עם שתלים | הגדלת חזה - שתל עגול | הרמת חזה טבעית (ללא שתלים) | הגדלת חזה עם שתלים אנטומיים | רפואה אסתטית לא ניתוחית (פרוצדורות) | ניתוחים פלסטיים אסתטיים או קוסמטיים | ניתוחים פלסטיים משחזרים | מתאמת ניתוחים | ניתוחי-פנים | ניתוחי חזה | סרטונים בנושא מתיחת בטן | סרטונים בנושא הקטנת חזה | סרטונים בנושא הרמת חזה | הגדלת חזה בשדיים צנוחים | מתיחת בטן לפני אחרי | הגדלה והרמת חזה לפני אחרי | הקטנת חזה לפני אחרי | ניתוח טשטוש צלקות | בוטוקס | מיני מתיחת בטן | מתיחת בטן ושאיבת שומן | מתיחת בטן | החלפת שתלים והרמת חזה | הוצאת שתלים והרמת חזה | הקטנת חזה ללא צלקות | הקטנת חזה טבעית | הרמת חזה ללא צלקות | הגדלת חזה טבעית | הגדלה והרמת חזה | הגדלת חזה עם שתל אנטומי | הגדלת חזה מתחת לשריר | הרמת חזה ללא שתל | הרמת חזה | הקטנת חזה | ניתוחי חזה הגדלת חזה,55,https://beautyfind.co.il/ops/businesses/branch/1e8c108d-20ea-4043-bd39-5461c64f0c86,https://beautyfind.co.il/dan/biz/דר-נועם-חי-מנתח-פלסטי-בכיר-בתל-אביב
9de5fe8a-48df-47f1-9013-3c5653e3b84a,"ד""ר ערן חדד - מנתח פלסטי, מומחה לכירורגיה פלסטית - כירורג פלסטי",תל אביב–יפו,dan,no,stated_doctor,ד״ר ערן חדד,plastic-surgery,plastic-surgery | medical-aesthetics,ניתוחים פלסטיים - סרטוני וידאו | ניתוחים פלסטיים לגברים | ניתוח הגדלת חזה סיבוכים | אימון כושר אפקט מתיחת בטן | ניתוח להסרת עודפי עור | התאמה לניתוח פלסטי | ניתוח פלסטי | מתיחת בטן אחרי ניתוח קיסרי | מתיחת פנים וטיפולים אסתטיים שונים | ניתוח הקטנת חזה מחיר | מתיחת פנים ללא ניתוח | שאיבת שומן צוואר | מתיחת בטן | ניתוח מתיחת פנים | ניתוחי גוף ופנים | הרמת חזה | הגדלת חזה לפני אחרי | ניתוחי חזה | ניתוחי גוף | ניתוחי פנים | מנתח פלסטי מומחה לניתוחי חזה | ניתוחי חזה - סרטוני וידאו | הרמת חזה - סרטוני וידאו | הגדלת חזה - סרטוני וידאו | מתיחת פנים - סרטוני וידאו | הקטנת חזה - סרטוני וידאו | חומצה היאלורונית לפני ואחרי | ניתוח אף לפני ואחרי | מתיחת פנים לפני ואחרי | שאיבת שומן לפני ואחרי | ניתוח הצמדת אוזניים לפני ואחרי | מתיחת בטן לפני ואחרי | הקטנת חזה לפני ואחרי | הרמת חזה לפני ואחרי | חומצה היאלורונית | מילוי קמטים באמצעות קנולה | מילוי קמטים | הזרקת בוטוקס | ניתוח אף | ניתוח סנטר | שאיבת שומן מהצוואר | ניתוח מתיחת צוואר | מתיחת פנים | ניתוחי פנים ניתוח הצמדת אוזניים | ניתוח מתיחת ירכיים | שאיבת שומן | שאיבת שומן בבטן | מתיחת בטן ושאיבת שומן | מתיחת בטן היקפית | מיני מתיחת בטן | ניתוחי גוף מתיחת בטן | הגדלת חזה טבעית | הקטנת חזה לגבר | הרמת חזה עם שתל | הרמת חזה ללא שתל | ניתוח הגדלת חזה | הקטנת חזה | ניתוחי חזה הרמת חזה,58,https://beautyfind.co.il/ops/businesses/branch/9de5fe8a-48df-47f1-9013-3c5653e3b84a,https://beautyfind.co.il/dan/biz/דר-ערן-חדד-מנתח-פלסטי-מומחה-לכירורגיה-פלסטית-כירורג-פלסטי
84b983eb-e26b-4cee-ac49-3db5cf30cf13,"ד""ר רון יהב - מרפאת אמייזינג סמייל, מרפאת שיניים בתל אביב",תל אביב–יפו,dan,no,stated_doctor,ד״ר רון יהב,dental-aesthetics,dental-aesthetics,כתרים בשעה | כתרים | הלבנת שיניים | יישור שיניים לילדים ולמתבגרים | יישור שיניים,5,https://beautyfind.co.il/ops/businesses/branch/84b983eb-e26b-4cee-ac49-3db5cf30cf13,https://beautyfind.co.il/dan/biz/דר-רון-יהב-מרפאת-אמייזינג-סמייל-מרפאת-שיניים-בתל-אביב
cb305c0b-e3b0-4d57-84c6-557f5f3efce0,דוקטור אברי רווה - מנתח פלסטי בכיר I כירורג פלסטי,תל אביב–יפו,dan,no,no_doctor,,plastic-surgery,plastic-surgery | facials | medical-aesthetics,ניתוחי עיצוב הגוף | סוגי ניתוחים | הזרקת סקולפטרה | הזרקת חומצה היאלורונית | ניתוח הקטנת חזה | ניתוח הרמת חזה | ניתוח שאיבת שומן | ניתוח הגדלת חזה | ניתוח מתיחת בטן | ניתוח עפעפיים לגברים | ניתוח סנטר | ניתוח עפעפיים | ניתוח חזה גברי גניקומסטיה | ניתוחים וטיפולים | לא ניתוחים | ניתוחי גוף​ | ניתוחי פנים | ניתוחי חזה,18,https://beautyfind.co.il/ops/businesses/branch/cb305c0b-e3b0-4d57-84c6-557f5f3efce0,https://beautyfind.co.il/dan/biz/דוקטור-אברי-רווה-מנתח-פלסטי-בכיר-i-כירורג-פלסטי
2df2cf51-e69b-482e-9c6c-c609803964af,דר' שיין - מומחה בכירורגיה פלסטית,תל אביב–יפו,dan,no,stated_doctor,ד״ר שיין,plastic-surgery,plastic-surgery | medical-aesthetics | facials,הרמת חזה הסבר על הניתוח | על הניתוח | הסבר על ניתוח החלפת שתלים | סיבוכים ותופעות לוואי לאחר הניתוח | תוצאות לאחר ניתוח הרמת חזה | הרמת חזה לפני/אחרי | הכנה לניתוח הרמת חזה | שיטות לניתוח הרמת חזה | הרמת חזה עם הגדלה | הרמת חזה עם שתל | החלמה לאחר ניתוח חזה | ניתוח הגדלת חזה בהרדמה מקומית | מאמרים נוספים בנושא הגדלת חזה | הגדלת חזה בהרדמה מקומית | ניתוח חזה מורכב | הגדלת חזה באמצעות הזרקת שומן | הגדלת חזה באמצעות שתלי mesmo | סוג הניתוח | תהליך ההחלמה לאחר הניתוח | מהלך ניתוח הגדלת חזה | יום הניתוח | מחיר ניתוח הגדלת חזה | משך הניתוח | פרופיל ניתוח | רילס רלוונטיים לניתוח | ניתוח חזה בגבר (גניקומסטיה) | הרמת חזה | ניתוח אף לגברים | הקטנת חזה | מתיחת בטן | הגדלת חזה | תוצאות ניתוחים | כל הניתוחים והטיפולים | טיפולים שאינם מצריכים ניתוח | אסתטיקה לא ניתוחית | ניתוחי עפעפיים | מתיחת פנים | ניתוח אף | ניתוח הזרקת שומן | ניתוח שאיבת שומן | ניתוח מתיחת בטן | ניתוח מתיחת ירכיים | ניתוח מתיחת זרועות | ניתוחי חזה מורכבים | ניתוח הקטנת חזה | ניתוח החלפת שתלים | ניתוח הרמת חזה | ניתוח הגדלת חזה | אסתטיקה ניתוחית | ניתוחים וטיפולים,50,https://beautyfind.co.il/ops/businesses/branch/2df2cf51-e69b-482e-9c6c-c609803964af,https://beautyfind.co.il/dan/biz/דר-שיין-מומחה-בכירורגיה-פלסטית
758de1cc-ed61-4ff7-97b1-0720b36184a0,"ד״ר אודי ארד, מומחה בניתוחים פלסטיים וטיפולים אסתטיים",תל אביב–יפו,dan,no,stated_doctor,ד״ר אודי ארד,plastic-surgery,plastic-surgery,הקטנת חזה בגבר (תיקון גניקומסטיה) | לפני הניתוח יש לבצע | הניתוח | ניתוחי בטן וירכיים | ניתוחי בטן | הקטנת חזה בגבר | ניתוחי חזה | ניתוחי פנים | מתיחת בטן ושאיבת שומן | קצת על הגדלת חזה | ניתוחי חזה להתאמה מגדרית | הרמת עפעפיים | מומחה בניתוחים פלסטיים וטיפולים אסתטיים | מתיחת בטן | שאיבת שומן | ניתוחי חזה לאחר ניתוחים קודמים | הקטנת חזה | הגדלה והרמת חזה | הרמת חזה | הגדלת חזה | הרמת עפעפיים עליונים ותחתונים,21,https://beautyfind.co.il/ops/businesses/branch/758de1cc-ed61-4ff7-97b1-0720b36184a0,https://beautyfind.co.il/dan/biz/דר-אודי-ארד-מומחה-בניתוחים-פלסטיים-וטיפולים-אסתטיים
aa34b022-a476-4b3c-a121-43d9a8a0ab3c,ד״ר דיאא זייד - Dr Diaa zaid,תל אביב–יפו,dan,no,stated_doctor,ד״ר דיאא זייד,medical-aesthetics,facials | medical-aesthetics,בוטוקס | חומצה היאלורונית,2,https://beautyfind.co.il/ops/businesses/branch/aa34b022-a476-4b3c-a121-43d9a8a0ab3c,https://beautyfind.co.il/dan/biz/dr-diaa-zaid
84289740-1be4-4358-96e3-df00978b0e80,ד״ר יוני דללי - רפואה אסתטית,תל אביב–יפו,dan,no,stated_doctor,ד״ר יוני דללי,medical-aesthetics,medical-aesthetics | facials,טיפולי בוטוקס,1,https://beautyfind.co.il/ops/businesses/branch/84289740-1be4-4358-96e3-df00978b0e80,https://beautyfind.co.il/dan/biz/דר-יוני-דללי-רפואה-אסתטית
98bf9648-5e49-4df3-81b3-f68142edcdfd,ד״ר ערן צנציפר- מומחה לשיקום הפה,תל אביב–יפו,dan,no,stated_doctor,ד״ר ערן צנציפר,dental-aesthetics,dental-aesthetics,הלבנת שיניים | כתרים | השתלות שיניים | ציפוי חרסינה | Teeth whitening,5,https://beautyfind.co.il/ops/businesses/branch/98bf9648-5e49-4df3-81b3-f68142edcdfd,https://beautyfind.co.il/dan/biz/דר-ערן-צנציפר-מומחה-לשיקום-הפה
1858d488-6e11-4238-acce-2bb62e302490,הזרקות וחומצה בתל אביב | קליניקה לרפואה אסתטית Théa | ד״ר יובל זינגר,תל אביב–יפו,dan,no,stated_doctor,ד״ר יובל זינגר,medical-aesthetics,medical-aesthetics | facials,הרמת עפעפיים ללא ניתוח | טיפולי PRP | מילוי שפתיים | הזרקת בוטוקס | Hyaluronic Acid | Botox | Skinbooster,7,https://beautyfind.co.il/ops/businesses/branch/1858d488-6e11-4238-acce-2bb62e302490,https://beautyfind.co.il/dan/biz/thea
4125d5eb-f414-4c25-b3dd-0e8069a75afa,הסרת נגעי עור | הסרת נקודות חן | הסרת קונדילומה | הסרת שומות | אנגיוקרטומה | קסנטלזמה | נקודות אדומות (המנגיומות) - Medical-C,תל אביב–יפו,dan,no,no_doctor,,medical-aesthetics,medical-aesthetics | facials | plastic-surgery,פלזמה | עיצוב ומילוי שפתיים,2,https://beautyfind.co.il/ops/businesses/branch/4125d5eb-f414-4c25-b3dd-0e8069a75afa,https://beautyfind.co.il/dan/biz/medical-c
2b8e6318-5a0d-4b4d-aaf3-b52b5d94ccab,הקומה של אהובה,תל אביב–יפו,dan,no,no_doctor,,facials,facials | medical-aesthetics | hair-removal | nails,טיפולי מזותרפיה,1,https://beautyfind.co.il/ops/businesses/branch/2b8e6318-5a0d-4b4d-aaf3-b52b5d94ccab,https://beautyfind.co.il/dan/biz/הקומה-אהובה
b34e54bc-33f3-4d27-8ae0-3ab122dc7895,"כירורגיה פלסטית ואסתטית | ד""ר אייל שפירא",תל אביב–יפו,dan,no,stated_doctor,ד״ר אייל שפירא,plastic-surgery,plastic-surgery | facials | medical-aesthetics,ניתוח עיצוב והקטנת שפתי הפות | ניתוחים פלסטיים | ניתוח הקטנת שפתיים פנימיות | הרמת גבות ללא ניתוח | טיפולי מזותרפיה | הזרקת חומצה היאלורונית | ניתוח מתיחת בטן | ניתוח הרמת גבות | ניתוח הרמת פנים וצוואר | ניתוח עפעפיים | ניתוחים וטיפולים | ניתוח משולב של אזור העריה | פרופילו: חומצה היאלורונית מדור חדש | ניתוחים פלסטים וטיפולים אסתטיים,14,https://beautyfind.co.il/ops/businesses/branch/b34e54bc-33f3-4d27-8ae0-3ab122dc7895,https://beautyfind.co.il/dan/biz/כירורגיה-פלסטית-ואסתטית-דר-אייל-שפירא
c32691a2-ca0a-4d69-ac16-370d93db0799,מוסקונה - מרפאות לניתוחים פלסטיים הזרקות וטיפולים משלימים,תל אביב–יפו,dan,no,no_doctor,,plastic-surgery,plastic-surgery | medical-aesthetics | facials | body-contouring,תיקונים/ניתוחים משלימים | מהלך לאחר הניתוח וחזרה לשגרה | הרמת חזה – תוצאות הניתוח | הניתוח | קיימות שלוש צלקות בניתוח זה | תכנון הניתוח | הערכה טרום ניתוחית מלאה | תכנון הניתוח והתאמת ציפיות | גלריית תמונות – הגדלת חזה | שאלות אחרי ניתוח הגדלת חזה | שאלות לפני ניתוח הגדלת חזה | תיאום ציפיות בניתוח הגדלת חזה | מחיר הגדלת חזה | תוצאה סופית לאחר הניתוח | החלמה לאחר הניתוח וריפוי הצלקת | שיטת הניתוח | ערב הניתוח | מחיר ניתוח שפה עליונה | יתרונות ניתוח הרמת שפה | ביקורת שבוע לאחר הניתוח | ניתוחי גוף | גניקומסטיה – הקטנת חזה לגבר | ניתוחים וטיפולים לגברים | סקין בוסטר – Skin Booster | בוטוקס / דיספורט / קסאומין | מילוי קמטים | מילוי שפתיים | גניקומסטיה – הקטנת חזה | ניתוח אף לגבר | בוטוקס לגבר | ניתוחים וטיפולים לגבר | נושא אחר בניתוחי פנים | ניתוח עפעפיים | מתיחת פנים | נושא אחר בניתוחים וטיפולי גוף | מתיחת בטן | שאיבת שומן | נושא אחר בניתוחי אף | ניתוח סנטר משולב עם אף | תיקון ניתוח אף כושל | ניתוח אף | פיסול אף ללא ניתוח | נושא אחר בניתוחי חזה | הקטנת חזה | הרמת חזה | הגדלת חזה | ניתוחי פנים | ניתוחים וטיפולי גוף | ניתוחי אף | ניתוחי חזה,50,https://beautyfind.co.il/ops/businesses/branch/c32691a2-ca0a-4d69-ac16-370d93db0799,https://beautyfind.co.il/dan/biz/מוסקונה-מרפאות-לניתוחים-פלסטיים-הזרקות-וטיפולים-משלימים
8af31e3c-a298-4d41-933f-50031782d817,מסודרות,תל אביב–יפו,dan,no,no_doctor,,facials,facials | nails | hair-removal | brows-lashes | spa-massage,בוטוקס או חומצה היאלורונית,1,https://beautyfind.co.il/ops/businesses/branch/8af31e3c-a298-4d41-933f-50031782d817,https://beautyfind.co.il/dan/biz/מסודרות
e29365c5-d113-429a-9a6f-a7469293eb5d,"מספרה Barak Shoshan Hair Design-Keratin,Japanese Treatment",תל אביב–יפו,dan,no,no_doctor,,hair-salons,hair-salons | facials,Botox tanin hair treatment,1,https://beautyfind.co.il/ops/businesses/branch/e29365c5-d113-429a-9a6f-a7469293eb5d,https://beautyfind.co.il/dan/biz/barak-shoshan-hair-design-keratin-japanese-treatment
e2015e53-cb22-4eba-b819-7efea95d1963,מרכז כירורגי שוורץ - ארד,תל אביב–יפו,dan,no,no_doctor,,plastic-surgery,plastic-surgery | dental-aesthetics | medical-aesthetics,ניתוח להוצאת אבנים או גידולים | טיפולים ניתוחיים | ניתוח | סוגי ניתוח הרמת רצפת סינוסים | עקירה מורכבת בניתוח | ניתוחי אף | ניתוחי פה ולסת | פנים 360° ® ניתוחים משולבים | מומחים בניתוחי | השכרת חדר ניתוח | ניתוחים משולבים | שאיבת שומן | ניתוחי חזה | ניתוח עפעפיים וגבות | ניתוח מתיחת פנים | ניתוח אוזניים | ניתוח אף | למינציה לחיוך מושלם | ניתוחי סנטר | ניתוחים אורתוכירורגיים / אורתוגנטיים | השתלות שיניים | ניתוח הרמת סינוס | ניתוחים פלסטיים | עיצוב חיוך | ניתוחים אורתוכירורגיים,25,https://beautyfind.co.il/ops/businesses/branch/e2015e53-cb22-4eba-b819-7efea95d1963,https://beautyfind.co.il/dan/biz/מרכז-כירורגי-שוורץ-ארד
e54fa942-5742-4408-8cad-cc2019be3403,"מרפאת השיניים והאסטתיקה של ד""ר צבי אבירם",תל אביב–יפו,dan,no,stated_doctor,ד״ר צבי אבירם,dental-aesthetics,dental-aesthetics | medical-aesthetics,קודם הקודם הלבנת שיניים מהירה | טיפול הלבנת שיניים במרפאה | הלבנת שיניים תל אביב | הלבנת שיניים במרפאה | הלבנת שיניים מהירה | טיפול הלבנת שיניים | הלבנת שיניים תוך | טיפולי שורש וכתרים​ | יישור שיניים | השתלות שיניים | הלבנת שיניים | יישור שיניים ( אורתודנטיה) | הזרקות אסתטיות BOTOX וחומצה יאלורונית,13,https://beautyfind.co.il/ops/businesses/branch/e54fa942-5742-4408-8cad-cc2019be3403,https://beautyfind.co.il/dan/biz/מרפאת-השיניים-והאסטתיקה-דר-צבי-אבירם
462b5fe2-7d50-4c6a-82a9-530f1d0257ae,פרופורציה,תל אביב–יפו,dan,no,no_doctor,,hair-removal,hair-removal | plastic-surgery | medical-aesthetics,שאיבת שומן | מתיחת פנים | חומצה היאלורונית – מילוי קמטים | גניקומסטיה – הקטנת חזה לגברים,4,https://beautyfind.co.il/ops/businesses/branch/462b5fe2-7d50-4c6a-82a9-530f1d0257ae,https://beautyfind.co.il/dan/biz/פרופורציה
a359b297-0204-413e-b25a-ead4cef6829f,קליניקת ויקה קוסמטיקה מתקדמת | קוסמטיקאית רפואית,תל אביב–יפו,dan,no,no_doctor,,facials,facials,טיפולי מזותרפיה,1,https://beautyfind.co.il/ops/businesses/branch/a359b297-0204-413e-b25a-ead4cef6829f,https://beautyfind.co.il/dan/biz/קליניקת-ויקה-קוסמטיקה-מתקדמת-קוסמטיקאית-רפואית
7ebda09d-9c17-40d7-8f6e-aa8337cc0d6a,קראוס קליניק - Krauss Clinic - ד״ר עומרי קראוס,תל אביב–יפו,dan,no,stated_doctor,ד״ר עומרי קראוס,dental-aesthetics,dental-aesthetics,יישור שיניים שקוף | יישור שיניים | Teeth whitening,3,https://beautyfind.co.il/ops/businesses/branch/7ebda09d-9c17-40d7-8f6e-aa8337cc0d6a,https://beautyfind.co.il/dan/biz/krauss-clinic
46e3c405-f43f-4c54-8e69-3405d446ad25,קרנית מלמד - המרכז לטיפולי קוסמטיקה רפואית,תל אביב–יפו,dan,no,no_doctor,,facials,facials | nails | permanent-makeup | hair-salons | hair-removal | body-contouring,מזותרפיה,1,https://beautyfind.co.il/ops/businesses/branch/46e3c405-f43f-4c54-8e69-3405d446ad25,https://beautyfind.co.il/dan/biz/קרנית-מלמד-המרכז-לטיפולי-קוסמטיקה-רפואית
20a24fa8-bedc-40af-a6f3-a3e0e700c69d,Dr. Ari Greenspan- דר ארי גרינספן,ירושלים,jerusalem,no,stated_doctor,Dr. Ari Greenspan,dental-aesthetics,dental-aesthetics,השתלות שיניים והשתלת עצם | הלבנת שיניים המדריך המלא | ציפוי חרסינה לחיוך מושלם,3,https://beautyfind.co.il/ops/businesses/branch/20a24fa8-bedc-40af-a6f3-a3e0e700c69d,https://beautyfind.co.il/jerusalem/biz/dr-ari-greenspan
15de9f04-c4c7-4a48-ad01-541a7f5dd105,Jerusalem Dental - Dr. Simone Landau,ירושלים,jerusalem,no,stated_doctor,Dr. Simone Landau,dental-aesthetics,dental-aesthetics,כתרים וגשרים בשיניים | הלבנת שיניים מתקדמת | יישור שיניים עם קשתיות שקופות | הלבנת שיניים | כתרים | ציפוי חרסינה לשיניים | יישור שיניים,7,https://beautyfind.co.il/ops/businesses/branch/15de9f04-c4c7-4a48-ad01-541a7f5dd105,https://beautyfind.co.il/jerusalem/biz/jerusalem-dental-dr-simone-landau
5a91e694-2b67-4bf9-87f1-e28e5d1f2e22,Jerusalem Dentist Dr. Ari Abramson / American Dentist in Jerusalem,ירושלים,jerusalem,no,stated_doctor,Dr. Ari Abramson,dental-aesthetics,dental-aesthetics,Porcelain veneers | Smile Design &gt; | Home / Smile Design | כתרים ללא מתכת | עיצוב חיוך | Porcelain Veneers for Teeth | Full Mouth RehabilitationSmile Design | Smile Design,8,https://beautyfind.co.il/ops/businesses/branch/5a91e694-2b67-4bf9-87f1-e28e5d1f2e22,https://beautyfind.co.il/jerusalem/biz/jerusalem-dentist-dr-ari-abramson-american-dentist-in-jerusa
f33c1153-74cc-4454-aea5-8555e3d80b24,"Kurer Jackson Dental Office, Jerusalem",ירושלים,jerusalem,no,no_doctor,,dental-aesthetics,dental-aesthetics | plastic-surgery,Dental Implants | Teeth Whitening | יישור שיניים למבוגרים | סוגי כתרים לשיניים | ניתוחי פה ועקירות | הלבנת שיניים | השתלות שיניים,7,https://beautyfind.co.il/ops/businesses/branch/f33c1153-74cc-4454-aea5-8555e3d80b24,https://beautyfind.co.il/jerusalem/biz/kurer-jackson-dental-office-jerusalem
cd94a57a-e52c-421a-aa8d-d87b799f597b,Lumiere לומייר,ירושלים,jerusalem,no,no_doctor,,hair-removal,facials | body-contouring | medical-aesthetics | plastic-surgery | permanent-makeup | makeup | hair-removal,גברים לאחר ניתוחי ערמונית | רדיאס | סקולפטרה | בוטוקס והרפיית שרירים | פיסול אף ללא ניתוח | מזותרפיה RF,6,https://beautyfind.co.il/ops/businesses/branch/cd94a57a-e52c-421a-aa8d-d87b799f597b,https://beautyfind.co.il/jerusalem/biz/lumiere
9e8f000a-4c66-48ef-983c-a9075d2704ce,Mona Medical Jerusalem - מונה מדיקל ירושלים,ירושלים,jerusalem,no,no_doctor,,facials,facials | nails | medical-aesthetics | hair-removal | tanning,בוטוקס,1,https://beautyfind.co.il/ops/businesses/branch/9e8f000a-4c66-48ef-983c-a9075d2704ce,https://beautyfind.co.il/jerusalem/biz/mona-medical-jerusalem
25f4f69f-6b66-4a0e-afdf-0e1d32c29658,Sreter Clinic | מרפאת שיניים בירושלים | מומחה לשיקום הפה והשתלות שיניים,ירושלים,jerusalem,no,no_doctor,,dental-aesthetics,dental-aesthetics,Teeth whitening,1,https://beautyfind.co.il/ops/businesses/branch/25f4f69f-6b66-4a0e-afdf-0e1d32c29658,https://beautyfind.co.il/jerusalem/biz/sreter-clinic
1d2361c5-6847-4599-a033-d6691d323199,אמירה צדקיהו - קוסמטיקה פרא רפואית מתקדמת,ירושלים,jerusalem,no,no_doctor,,facials,facials | hair-removal | permanent-makeup | brows-lashes,מזותרפיה,1,https://beautyfind.co.il/ops/businesses/branch/1d2361c5-6847-4599-a033-d6691d323199,https://beautyfind.co.il/jerusalem/biz/אמירה-צדקיהו-קוסמטיקה-פרא-רפואית-מתקדמת
6013bc78-dee6-489a-ba18-3cb97249d91d,אניגמה- מרכז לאסתטיקה מתקדמת,ירושלים,jerusalem,no,no_doctor,,facials,facials,הזרקות בוטוקס/חומצה היאלורונית,1,https://beautyfind.co.il/ops/businesses/branch/6013bc78-dee6-489a-ba18-3cb97249d91d,https://beautyfind.co.il/jerusalem/biz/אניגמה-מרכז-לאסתטיקה-מתקדמת
fa3023d8-4356-4fbe-af48-e30868fd1ce9,בר מדיקל קליניקה לייזר,ירושלים,jerusalem,no,no_doctor,,body-contouring,body-contouring | tanning | facials | hair-removal | medical-aesthetics,העלמת קמטים ובוטוקס,1,https://beautyfind.co.il/ops/businesses/branch/fa3023d8-4356-4fbe-af48-e30868fd1ce9,https://beautyfind.co.il/jerusalem/biz/בר-מדיקל-קליניקה-לייזר
16989dc3-e8e7-4d1c-a47a-915334f9d54f,"ד""ר צחי שטרק - מרפאת שיניים בירושלים",ירושלים,jerusalem,no,stated_doctor,ד״ר צחי שטרק,dental-aesthetics,dental-aesthetics,בוטוקס אסתטי | השתלות שיניים | כתרים וגשרים | השתלות שיניים (Dental Implants) | Teeth whitening,5,https://beautyfind.co.il/ops/businesses/branch/16989dc3-e8e7-4d1c-a47a-915334f9d54f,https://beautyfind.co.il/jerusalem/biz/דר-צחי-שטרק-מרפאת-שיניים-בירושלים
1dea3ca4-8bac-433e-9dca-160c879cb2c1,ד”ר דבורה ושלום חסן – מרפאה לאסתטיקה דנטלית והשתלות שיניים בירושלים,ירושלים,jerusalem,no,no_doctor,,dental-aesthetics,dental-aesthetics,הלבנת שיניים,1,https://beautyfind.co.il/ops/businesses/branch/1dea3ca4-8bac-433e-9dca-160c879cb2c1,https://beautyfind.co.il/jerusalem/biz/ד-ר-דבורה-ושלום-חסן-מרפאה-לאסתטיקה-דנטלית-והשתלות-שיניים-ביר
2bd73be2-df4d-4e03-95bf-02a585ae7ca4,"מרפאות שיניים ד""ר אברהם ד""ר יצחק מושיחוב",ירושלים,jerusalem,no,stated_doctor,"ד״ר אברהם ד""ר יצחק",dental-aesthetics,dental-aesthetics,הלבנת שיניים | כתרים ושתלים | יישור שיניים | השתלות שיניים,4,https://beautyfind.co.il/ops/businesses/branch/2bd73be2-df4d-4e03-95bf-02a585ae7ca4,https://beautyfind.co.il/jerusalem/biz/מרפאות-שיניים-דר-אברהם-דר-יצחק-מושיחוב
e81102a8-cd8f-42b8-a845-2ead01fa18c4,"מרפאת שיניים בירושלים - ד""ר איתן אוראל - מומחה לשיקום הפה אסתטיקה והשתלות",ירושלים,jerusalem,no,stated_doctor,ד״ר איתן אוראל,dental-aesthetics,dental-aesthetics,כתרים | השתלות שיניים,2,https://beautyfind.co.il/ops/businesses/branch/e81102a8-cd8f-42b8-a845-2ead01fa18c4,https://beautyfind.co.il/jerusalem/biz/מרפאת-שיניים-בירושלים-דר-איתן-אוראל-מומחה-לשיקום-הפה-אסתטיקה
8e6eff31-276a-4d9a-942b-f3b7479562d2,מרפאת שיניים בירושלים ד''ר סטלה הייזלר - שיקום הפה | ציפוי שיניים | השתלות שיניים ושתלים דנטליים,ירושלים,jerusalem,no,no_doctor,,dental-aesthetics,dental-aesthetics | facials,ציפוי שיניים קומפוזיט לפני ואחרי | ציפוי חרסינה לשיניים לפני ואחרי | ציפוי שיניים | ציפוי חרסינה | כתרים לשיניים בירושלים | הלבנת שיניים | כתרים | Teeth whitening,8,https://beautyfind.co.il/ops/businesses/branch/8e6eff31-276a-4d9a-942b-f3b7479562d2,https://beautyfind.co.il/jerusalem/biz/מרפאת-שיניים-בירושלים-דר-סטלה-הייזלר-שיקום-הפה-ציפוי-שיניים
e5734a5b-55e5-4654-9374-9c533731d265,Orit Levy Cosmetics,מבשרת ציון,jerusalem,no,no_doctor,,facials,facials | brows-lashes | hair-removal,טיפול מזותרפיה (מיקרונידלינג),1,https://beautyfind.co.il/ops/businesses/branch/e5734a5b-55e5-4654-9374-9c533731d265,https://beautyfind.co.il/jerusalem/biz/orit-levy-cosmetics
79a3e972-7790-409b-b609-74c024ac2458,L.A Aesthetics - קליניקה מתקדמת לרפואה אסתטית ד״ר עמית ליבוביץ׳,נס ציונה,shfela,no,stated_doctor,ד״ר עמית ליבוביץ׳,medical-aesthetics,medical-aesthetics | facials,פיסול אף ללא ניתוח | סקולפטרה | סקין בוסטרים | מילוי שפתיים | מילוי בחומצה היאלורונית | הזרקות בוטוקס,6,https://beautyfind.co.il/ops/businesses/branch/79a3e972-7790-409b-b609-74c024ac2458,https://beautyfind.co.il/shfela/biz/l-aesthetics
05e5d539-54eb-41e2-a3a5-0357b91cfa8c,"""Valery Secret"" ולרי סיקרט - קליניקה ואקדמיה לטיפולים קוסמטיים ורפואיים‬‎",רחובות,shfela,no,no_doctor,,facials,facials | hair-removal | medical-aesthetics | permanent-makeup | spa-massage | plastic-surgery,"מתיחת פנים באמצעות חוטים | חומצה היאלורונית | בוטוקס Trap Tox | ""ברבי-בוטוקס"" לצוואר יפה | פלזמה קרה | מתיחת פנים וצוואר ללא ניתוח",6,https://beautyfind.co.il/ops/businesses/branch/05e5d539-54eb-41e2-a3a5-0357b91cfa8c,https://beautyfind.co.il/shfela/biz/valery-secret
0cf10daa-6231-4464-af2f-0c9dad0bdec7,Limor Cosmetics,רחובות,shfela,no,no_doctor,,facials,facials | hair-removal | hair-salons | makeup | permanent-makeup | nails | brows-lashes,מזותרפיה ברחובות ופילינג לחידוש העור,1,https://beautyfind.co.il/ops/businesses/branch/0cf10daa-6231-4464-af2f-0c9dad0bdec7,https://beautyfind.co.il/shfela/biz/limor-cosmetics
3e75a41a-03f3-4d98-8a56-21a89a4c7225,Liv Beauty Academy,רחובות,shfela,no,no_doctor,,medical-aesthetics,facials | medical-aesthetics,מתיחת עין תחתונה ללא ניתוח | מיני מתיחת פנים | הסרת סנטר כפול ללא ניתוח | טיפולי מזותרפיה רפואית | עיבוי ומילוי שפתיים | סקין בוסטר | חומצה היאלורונית | בוטוקס | מזותרפיה ברקיחה אישית,9,https://beautyfind.co.il/ops/businesses/branch/3e75a41a-03f3-4d98-8a56-21a89a4c7225,https://beautyfind.co.il/shfela/biz/liv-beauty-academy
967798ad-a15f-4fa3-903a-791e623c5993,Smile Center Dental Clinic Dr. David Attia,רחובות,shfela,no,stated_doctor,Dr. David Attia,dental-aesthetics,dental-aesthetics,השתלות שיניים ברחובות אסתטיקה דנטלית | השתלות שיניים | יישור שיניים | הלבנת שיניים והשתלות | קשתיות שקופות | הלבנת שיניים | יישור שיניים שקוף,7,https://beautyfind.co.il/ops/businesses/branch/967798ad-a15f-4fa3-903a-791e623c5993,https://beautyfind.co.il/shfela/biz/smile-center-dental-clinic-dr-david-attia
1fb9c05f-5135-47f9-99d7-f7be941bdb74,Stella Beauty,רחובות,shfela,no,no_doctor,,facials,facials | hair-removal | medical-aesthetics | brows-lashes | spa-massage | nails | permanent-makeup,טיפולי מזותרפיה | מילוי שפתיים | טיפול עם חומצה היאלורונית | טיפולי בוטוקס,4,https://beautyfind.co.il/ops/businesses/branch/1fb9c05f-5135-47f9-99d7-f7be941bdb74,https://beautyfind.co.il/shfela/biz/stella-beauty
6dab8714-8bfd-4ef0-b4dd-cb2f16104c4c,"טיפול פנים, קוסמטיקה, קוסמטיקאית - מיכל לוי",רחובות,shfela,no,no_doctor,,facials,facials,טיפולי מזותרפיה,1,https://beautyfind.co.il/ops/businesses/branch/6dab8714-8bfd-4ef0-b4dd-cb2f16104c4c,https://beautyfind.co.il/shfela/biz/טיפול-פנים-קוסמטיקה-קוסמטיקאית-מיכל-לוי
f1182006-bc8b-4245-b3b9-2b870a44cb97,מרכז רפואי מדילי,רחובות,shfela,no,no_doctor,,plastic-surgery,plastic-surgery,חדר ניתוח מתקדם למקרים דחופים,1,https://beautyfind.co.il/ops/businesses/branch/f1182006-bc8b-4245-b3b9-2b870a44cb97,https://beautyfind.co.il/shfela/biz/מרכז-רפואי-מדילי
74724c13-7499-445a-a81a-59be444dd89f,מרפאת ד״ר נייזוב | מרפאת שיניים ברחובות,רחובות,shfela,no,stated_doctor,ד״ר נייזוב,dental-aesthetics,dental-aesthetics,כתרים וגשרים | כתרים | אינויזליין/יישור שיניים שקוף | Teeth whitening,4,https://beautyfind.co.il/ops/businesses/branch/74724c13-7499-445a-a81a-59be444dd89f,https://beautyfind.co.il/shfela/biz/מרפאת-דר-נייזוב-מרפאת-שיניים-ברחובות
a768b956-706d-47b1-84bc-4b990670a642,קוסמטיקאית ברחובות סיגל שבו מומחית לפתרון בעיות עור,רחובות,shfela,no,no_doctor,,facials,facials | hair-removal | permanent-makeup | medical-aesthetics | brows-lashes,מזותרפיה,1,https://beautyfind.co.il/ops/businesses/branch/a768b956-706d-47b1-84bc-4b990670a642,https://beautyfind.co.il/shfela/biz/קוסמטיקאית-ברחובות-סיגל-שבו-מומחית-לפתרון-בעיות-עור
bb3d7841-67cc-47c7-a9ff-86224e1ac302,קוסמטיקאית רחובות טליה בן עטר,רחובות,shfela,no,no_doctor,,facials,facials | hair-removal | brows-lashes | permanent-makeup | medical-aesthetics,בוטוקס | חומצה היאלורונית,2,https://beautyfind.co.il/ops/businesses/branch/bb3d7841-67cc-47c7-a9ff-86224e1ac302,https://beautyfind.co.il/shfela/biz/קוסמטיקאית-רחובות-טליה-בן-עטר
6c80af72-2af0-44bb-b7c0-52161ac61782,Orit's Beauty Place,אשדוד,south,no,no_doctor,,facials,facials | makeup,טיפול מזותרפיה,1,https://beautyfind.co.il/ops/businesses/branch/6c80af72-2af0-44bb-b7c0-52161ac61782,https://beautyfind.co.il/south/biz/orit-s-beauty-place
fc6c6564-42c3-43db-90eb-5f423b098060,Rachel,אשדוד,south,no,no_doctor,,facials,facials,מזותרפיה,1,https://beautyfind.co.il/ops/businesses/branch/fc6c6564-42c3-43db-90eb-5f423b098060,https://beautyfind.co.il/south/biz/rachel
7d1f3b35-940c-4225-915f-1164815cce35,"ד""ר אלכסיי רחמנוב - השתלות שיניים באשדוד, רופא שיניים באשדוד",אשדוד,south,no,stated_doctor,ד״ר אלכסיי רחמנוב,dental-aesthetics,dental-aesthetics,השתלות שיניים | Teeth whitening,2,https://beautyfind.co.il/ops/businesses/branch/7d1f3b35-940c-4225-915f-1164815cce35,https://beautyfind.co.il/south/biz/דר-אלכסיי-רחמנוב-השתלות-שיניים-באשדוד-רופא-שיניים-באשדוד
f9330707-df6e-4201-a959-5f264cbbb4ef,"ד""ר טל שניידר חירום אשדוד",אשדוד,south,no,stated_doctor,ד״ר טל שניידר חירום,dental-aesthetics,dental-aesthetics,כתרים | יישור שיניים שקוף | Teeth whitening,3,https://beautyfind.co.il/ops/businesses/branch/f9330707-df6e-4201-a959-5f264cbbb4ef,https://beautyfind.co.il/south/biz/דר-טל-שניידר-חירום-אשדוד
d7d1292a-9dbf-42ca-8910-64a8934831f3,"ד״ר אלינה גרמן, רופאת שיניים",אשדוד,south,no,stated_doctor,ד״ר אלינה גרמן,dental-aesthetics,dental-aesthetics | medical-aesthetics,הלבנת שיניים | הלבנת שיניים אקספרס | Teeth whitening,3,https://beautyfind.co.il/ops/businesses/branch/d7d1292a-9dbf-42ca-8910-64a8934831f3,https://beautyfind.co.il/south/biz/דר-אלינה-גרמן-רופאת-שיניים
0a8d75fb-8562-449c-945b-c22599fb2b6e,ד״ר סוזנה דורפמן - מרפאת שיניים לכירורגיה ואסתטיקה Dr. Susana Dorfman - Dental Surgery clinic,אשדוד,south,no,stated_doctor,ד״ר סוזנה דורפמן,dental-aesthetics,dental-aesthetics,הנחיות ודגשים לימים שלאחר הניתוח | סוגי כתרים | יישור שיניים שקוף | כתרים | הלבנת שיניים,5,https://beautyfind.co.il/ops/businesses/branch/0a8d75fb-8562-449c-945b-c22599fb2b6e,https://beautyfind.co.il/south/biz/dr-susana-dorfman-dental-surgery-clinic
b2db1fc9-6730-44c8-8c10-bb10167e3bb2,מאי בטש - עיצוב גבות וריסים,אשדוד,south,no,no_doctor,,brows-lashes,brows-lashes | facials | hair-removal | spa-massage | medical-aesthetics,הרמת פנים (ללא ניתוח) | טיפול פלזמה | טיפול מזותרפיה לפנים,3,https://beautyfind.co.il/ops/businesses/branch/b2db1fc9-6730-44c8-8c10-bb10167e3bb2,https://beautyfind.co.il/south/biz/מאי-בטש-עיצוב-גבות-וריסים
c110573b-a2ce-413f-b9e5-c07aec2c863a,מגיק טאץ - המרכז להשתלות שיניים באשדוד,אשדוד,south,no,no_doctor,,dental-aesthetics,dental-aesthetics,Dental Implants,1,https://beautyfind.co.il/ops/businesses/branch/c110573b-a2ce-413f-b9e5-c07aec2c863a,https://beautyfind.co.il/south/biz/מגיק-טאץ-המרכז-להשתלות-שיניים-באשדוד
7bc36af9-950c-49b9-8483-82644ef65045,"מד אסתטיק - ד""ר פרייב מיכאל",אשדוד,south,no,stated_doctor,ד״ר פרייב מיכאל,medical-aesthetics,facials | medical-aesthetics,טיפולי בוטוקס לטיפול בקמטי הבעה | מילוי קמטים עם חומצה היאלורונית,2,https://beautyfind.co.il/ops/businesses/branch/7bc36af9-950c-49b9-8483-82644ef65045,https://beautyfind.co.il/south/biz/מד-אסתטיק-דר-פרייב-מיכאל
c1875478-0e78-44b7-9e89-5dae2de8a08b,מרטין קליניק,אשדוד,south,no,no_doctor,,facials,facials | spa-massage | nails | hair-salons,מתיחת פנים ללא ניתוח,1,https://beautyfind.co.il/ops/businesses/branch/c1875478-0e78-44b7-9e89-5dae2de8a08b,https://beautyfind.co.il/south/biz/מרטין-קליניק
cec36a00-b5c2-463f-8155-927387d789cb,"מרפאת שיניים באשדוד ד""ר אולגה ניקולאיבסקי",אשדוד,south,no,stated_doctor,ד״ר אולגה ניקולאיבסקי,dental-aesthetics,dental-aesthetics,עיצוב עם ציפוי חרסינה: למינייט | יישור שיניים בכל השיטות | השתלות שיניים ביום אחד | הלבנת שיניים בשיטה Zoom-4,4,https://beautyfind.co.il/ops/businesses/branch/cec36a00-b5c2-463f-8155-927387d789cb,https://beautyfind.co.il/south/biz/מרפאת-שיניים-באשדוד-דר-אולגה-ניקולאיבסקי
72c6c43d-735d-48ec-898d-e1b3e5725612,קסם קוסמטיקס,אשדוד,south,no,no_doctor,,facials,facials,mesotherapy,1,https://beautyfind.co.il/ops/businesses/branch/72c6c43d-735d-48ec-898d-e1b3e5725612,https://beautyfind.co.il/south/biz/קסם-קוסמטיקס
